odds_id,match_id,bookmaker,home_odds,draw_odds,away_odds,over_25_odds,under_25_odds
1,1,Bet365,2.9,3.34,3.1,1.97,1.69
2,1,Betfair,2.02,3.21,5.6,1.75,2.19
3,1,Pinnacle,2.4,3.33,2.83,1.83,1.89
4,1,William Hill,5.06,3.3,1.57,1.81,1.8
5,1,Ladbrokes,2.37,3.4,2.81,1.66,1.67
6,2,Bet365,2.67,3.34,3.12,2.14,1.74
7,2,Betfair,3.92,3.74,1.53,1.62,1.61
8,2,Pinnacle,5.95,3.55,1.97,1.62,1.66
9,2,William Hill,5.5,3.49,1.64,1.64,1.85
10,2,Ladbrokes,2.32,3.2,2.83,2.13,1.86
11,3,Bet365,2.1,3.7,4.35,2.19,2.1
12,3,Betfair,5.85,3.05,2.07,2.13,1.98
13,3,Pinnacle,2.01,3.48,4.56,1.69,2.19
14,3,William Hill,1.72,3.16,4.83,2.03,2.1
15,3,Ladbrokes,5.25,3.2,1.85,2.05,1.97
16,4,Bet365,2.84,3.02,2.83,2.15,1.89
17,4,Betfair,5.33,3.64,2.12,1.96,2.18
18,4,Pinnacle,1.82,3.11,5.97,1.94,1.81
19,4,William Hill,1.6,3.37,4.07,1.91,1.61
20,4,Ladbrokes,2.65,3.28,2.74,1.81,2.11
21,5,Bet365,1.57,3.61,5.58,1.67,1.62
22,5,Betfair,3.75,3.39,1.9,1.73,2.08
23,5,Pinnacle,1.69,3.03,4.92,1.77,2.03
24,5,William Hill,5.9,3.77,2.06,1.62,1.88
25,5,Ladbrokes,2.89,3.06,2.87,2.07,2.04
26,6,Bet365,1.6,3.3,5.82,1.8,1.75
27,6,Betfair,5.13,3.33,1.68,1.73,1.69
28,6,Pinnacle,1.66,3.6,3.71,2.07,1.63
29,6,William Hill,2.22,3.3,3.09,1.93,1.66
30,6,Ladbrokes,5.21,3.74,1.84,1.74,2.11
31,7,Bet365,5.86,3.14,2.12,1.93,1.96
32,7,Betfair,5.39,3.34,1.82,1.75,1.77
33,7,Pinnacle,4.97,3.65,2.13,1.86,1.98
34,7,William Hill,4.53,3.25,1.68,1.77,2.02
35,7,Ladbrokes,2.66,3.17,2.32,1.64,1.61
36,8,Bet365,2.07,3.25,4.36,2.2,1.67
37,8,Betfair,2.08,3.61,5.74,1.67,1.93
38,8,Pinnacle,5.9,3.38,1.79,1.69,1.62
39,8,William Hill,2.04,3.67,5.25,1.84,2.07
40,8,Ladbrokes,5.26,3.1,1.91,2.04,2.13
41,9,Bet365,4.24,3.16,2.04,2.09,1.6
42,9,Betfair,5.88,3.76,1.86,2.17,2.17
43,9,Pinnacle,4.74,3.34,2.03,1.98,1.93
44,9,William Hill,1.52,3.25,4.48,1.92,2.07
45,9,Ladbrokes,1.89,3.04,3.64,2.04,2.11
46,10,Bet365,5.46,3.17,1.65,1.92,1.86
47,10,Betfair,4.99,3.38,1.79,1.63,2.12
48,10,Pinnacle,1.94,3.22,3.58,2.14,1.73
49,10,William Hill,4.11,3.74,1.98,2.0,1.81
50,10,Ladbrokes,4.66,3.17,1.9,2.06,2.16
51,11,Bet365,2.67,3.24,2.21,1.76,2.1
52,11,Betfair,5.79,3.77,2.15,1.69,2.09
53,11,Pinnacle,2.02,3.32,5.06,2.1,1.95
54,11,William Hill,1.97,3.33,5.62,1.67,2.12
55,11,Ladbrokes,5.43,3.42,1.87,1.88,1.65
56,12,Bet365,3.13,3.33,2.83,2.15,1.92
57,12,Betfair,1.5,3.24,3.82,1.71,1.97
58,12,Pinnacle,2.88,3.21,2.89,1.7,1.65
59,12,William Hill,1.96,3.13,5.72,1.61,1.98
60,12,Ladbrokes,4.12,3.13,2.04,1.95,2.17
61,13,Bet365,2.01,3.01,5.27,1.97,1.91
62,13,Betfair,2.14,3.03,4.42,2.12,1.77
63,13,Pinnacle,5.92,3.68,1.69,2.18,1.74
64,13,William Hill,2.96,3.49,2.86,1.88,1.63
65,13,Ladbrokes,3.53,3.38,1.78,1.93,1.81
66,14,Bet365,1.75,3.66,4.57,1.66,1.69
67,14,Betfair,1.74,3.51,5.16,2.02,1.96
68,14,Pinnacle,1.83,3.03,4.72,2.0,1.72
69,14,William Hill,2.21,3.28,2.44,1.67,1.8
70,14,Ladbrokes,1.81,3.04,5.41,1.72,1.69
71,15,Bet365,2.34,3.18,2.82,1.96,1.91
72,15,Betfair,4.63,3.12,1.86,2.01,1.92
73,15,Pinnacle,1.87,3.38,4.16,1.62,2.09
74,15,William Hill,4.01,3.8,1.92,2.18,1.9
75,15,Ladbrokes,3.04,3.44,2.93,1.82,1.88
76,16,Bet365,5.16,3.22,2.17,2.07,1.78
77,16,Betfair,1.66,3.3,3.57,2.17,2.04
78,16,Pinnacle,1.68,3.12,4.45,2.16,1.97
79,16,William Hill,1.57,3.23,5.32,1.79,2.03
80,16,Ladbrokes,3.69,3.77,1.52,2.04,1.96
81,17,Bet365,5.63,3.54,1.91,1.67,1.95
82,17,Betfair,5.68,3.7,1.85,1.85,1.8
83,17,Pinnacle,1.95,3.15,3.94,1.77,2.03
84,17,William Hill,1.54,3.4,5.27,1.78,2.03
85,17,Ladbrokes,5.17,3.68,1.59,2.2,1.98
86,18,Bet365,2.93,3.26,2.59,1.7,1.65
87,18,Betfair,5.42,3.61,2.2,2.16,1.78
88,18,Pinnacle,1.64,3.57,5.32,1.71,1.75
89,18,William Hill,2.1,3.34,4.47,2.01,1.68
90,18,Ladbrokes,3.06,3.26,2.68,2.14,1.83
91,19,Bet365,2.43,3.33,2.32,2.08,1.76
92,19,Betfair,5.47,3.34,2.02,1.65,1.67
93,19,Pinnacle,1.8,3.67,4.59,1.99,2.18
94,19,William Hill,2.62,3.42,2.76,1.66,1.98
95,19,Ladbrokes,2.67,3.02,2.29,2.09,1.77
96,20,Bet365,2.65,3.08,3.15,2.03,2.13
97,20,Betfair,5.43,3.52,1.94,1.71,1.76
98,20,Pinnacle,5.93,3.68,1.59,1.67,1.76
99,20,William Hill,2.0,3.39,4.91,1.75,1.93
100,20,Ladbrokes,2.59,3.08,2.29,2.03,1.82
101,21,Bet365,2.44,3.37,2.74,1.99,1.99
102,21,Betfair,4.94,3.63,1.69,1.64,1.69
103,21,Pinnacle,4.31,3.5,1.93,1.94,2.11
104,21,William Hill,4.34,3.61,1.63,2.03,2.2
105,21,Ladbrokes,3.83,3.3,1.96,1.78,1.66
106,22,Bet365,3.15,3.13,3.03,1.63,1.9
107,22,Betfair,4.58,3.12,1.81,1.89,1.88
108,22,Pinnacle,3.18,3.14,2.28,1.75,2.12
109,22,William Hill,2.55,3.33,2.21,1.94,1.76
110,22,Ladbrokes,2.06,3.22,4.16,2.2,1.64
111,23,Bet365,2.08,3.47,5.88,1.87,2.07
112,23,Betfair,5.97,3.02,1.61,1.99,1.88
113,23,Pinnacle,5.54,3.62,1.79,2.11,1.66
114,23,William Hill,4.25,3.17,1.51,1.72,1.72
115,23,Ladbrokes,1.81,3.21,5.78,1.79,1.77
116,24,Bet365,5.43,3.51,2.12,1.87,2.1
117,24,Betfair,1.52,3.68,5.63,1.93,2.18
118,24,Pinnacle,2.61,3.29,2.94,1.74,1.73
119,24,William Hill,3.01,3.16,2.5,2.09,1.82
120,24,Ladbrokes,5.57,3.33,1.77,1.87,2.05
121,25,Bet365,3.54,3.46,1.66,1.9,1.82
122,25,Betfair,3.83,3.45,1.67,1.92,2.15
123,25,Pinnacle,3.85,3.42,2.16,1.9,1.62
124,25,William Hill,5.46,3.53,1.9,2.1,2.02
125,25,Ladbrokes,3.08,3.26,2.6,2.08,1.76
126,26,Bet365,5.45,3.43,1.64,1.63,1.83
127,26,Betfair,3.05,3.39,2.31,2.06,2.16
128,26,Pinnacle,4.26,3.75,1.98,1.69,1.91
129,26,William Hill,3.03,3.0,2.7,1.76,1.63
130,26,Ladbrokes,5.28,3.38,2.07,2.11,1.99
131,27,Bet365,1.93,3.36,4.31,2.17,1.99
132,27,Betfair,2.07,3.43,4.96,1.89,2.05
133,27,Pinnacle,2.53,3.35,2.81,2.08,1.8
134,27,William Hill,5.84,3.28,1.92,1.65,1.62
135,27,Ladbrokes,5.73,3.73,2.06,1.96,1.73
136,28,Bet365,5.77,3.34,2.14,1.9,1.61
137,28,Betfair,4.17,3.72,1.79,2.16,1.69
138,28,Pinnacle,3.17,3.42,2.78,1.66,1.75
139,28,William Hill,2.64,3.38,3.09,1.61,2.14
140,28,Ladbrokes,1.85,3.58,4.36,1.7,2.14
141,29,Bet365,2.29,3.15,2.59,1.82,2.15
142,29,Betfair,4.15,3.72,1.93,1.76,2.14
143,29,Pinnacle,1.59,3.61,3.61,1.74,2.0
144,29,William Hill,2.26,3.42,2.39,2.14,1.7
145,29,Ladbrokes,5.17,3.01,2.14,1.85,2.16
146,30,Bet365,2.66,3.16,2.39,2.04,1.68
147,30,Betfair,2.62,3.19,2.86,1.87,2.0
148,30,Pinnacle,2.91,3.49,2.64,1.9,1.92
149,30,William Hill,5.79,3.69,2.09,1.73,2.03
150,30,Ladbrokes,5.14,3.07,1.87,2.19,1.7
151,31,Bet365,3.16,3.49,2.39,2.07,1.81
152,31,Betfair,4.42,3.5,1.77,1.77,1.62
153,31,Pinnacle,1.66,3.18,5.54,1.72,1.83
154,31,William Hill,2.94,3.24,2.76,2.06,1.79
155,31,Ladbrokes,4.89,3.06,1.67,2.14,1.67
156,32,Bet365,2.88,3.23,2.48,2.16,1.76
157,32,Betfair,2.79,3.08,2.61,1.88,1.96
158,32,Pinnacle,1.57,3.35,5.86,1.81,2.18
159,32,William Hill,1.89,3.68,5.95,1.84,1.71
160,32,Ladbrokes,4.88,3.73,2.03,1.85,2.15
161,33,Bet365,2.19,3.53,5.56,1.7,2.08
162,33,Betfair,2.53,3.01,2.46,1.94,1.99
163,33,Pinnacle,1.63,3.68,5.97,2.11,2.0
164,33,William Hill,5.16,3.72,1.51,2.12,2.03
165,33,Ladbrokes,2.35,3.08,2.32,2.14,1.64
166,34,Bet365,5.94,3.4,2.06,1.84,1.9
167,34,Betfair,4.58,3.52,1.55,2.11,1.64
168,34,Pinnacle,4.41,3.48,1.77,1.79,2.14
169,34,William Hill,2.16,3.34,5.76,1.74,2.08
170,34,Ladbrokes,2.84,3.37,2.27,1.93,1.97
171,35,Bet365,2.46,3.03,2.51,1.82,1.75
172,35,Betfair,2.49,3.5,3.2,1.98,1.85
173,35,Pinnacle,5.47,3.15,1.76,1.83,1.62
174,35,William Hill,2.02,3.68,3.55,1.95,1.71
175,35,Ladbrokes,2.99,3.47,2.94,1.9,2.06
176,36,Bet365,1.53,3.2,4.53,2.11,1.95
177,36,Betfair,1.75,3.42,4.53,2.12,2.19
178,36,Pinnacle,1.54,3.04,5.43,1.65,2.1
179,36,William Hill,5.2,3.39,2.01,1.66,1.98
180,36,Ladbrokes,1.54,3.39,5.75,2.03,1.64
181,37,Bet365,1.65,3.43,4.93,1.94,1.96
182,37,Betfair,1.69,3.02,3.98,2.18,1.87
183,37,Pinnacle,3.08,3.48,2.98,1.63,1.84
184,37,William Hill,1.74,3.65,4.74,1.67,1.72
185,37,Ladbrokes,4.03,3.24,2.19,2.05,1.79
186,38,Bet365,5.38,3.23,1.84,1.71,1.91
187,38,Betfair,3.59,3.58,1.54,1.72,2.06
188,38,Pinnacle,5.26,3.53,1.95,1.73,1.93
189,38,William Hill,5.68,3.01,1.58,2.03,2.08
190,38,Ladbrokes,3.18,3.17,2.69,1.91,1.92
191,39,Bet365,4.08,3.49,2.06,1.68,1.71
192,39,Betfair,1.67,3.2,5.2,2.1,1.96
193,39,Pinnacle,5.77,3.56,1.74,1.99,1.87
194,39,William Hill,2.87,3.34,2.37,1.97,2.01
195,39,Ladbrokes,2.43,3.37,2.46,2.14,1.77
196,40,Bet365,2.45,3.08,2.36,2.15,1.95
197,40,Betfair,4.57,3.68,1.74,1.69,1.98
198,40,Pinnacle,2.12,3.17,4.05,1.82,2.17
199,40,William Hill,1.6,3.71,3.89,1.9,1.72
200,40,Ladbrokes,5.94,3.21,1.98,1.92,1.9
201,41,Bet365,2.89,3.33,2.88,2.05,1.94
202,41,Betfair,4.48,3.66,1.93,1.69,1.84
203,41,Pinnacle,2.35,3.41,3.14,2.06,2.12
204,41,William Hill,1.54,3.6,4.61,1.84,1.92
205,41,Ladbrokes,5.6,3.73,2.12,1.89,1.8
206,42,Bet365,4.5,3.17,2.15,2.08,1.7
207,42,Betfair,2.97,3.25,2.5,1.61,1.68
208,42,Pinnacle,1.52,3.32,3.74,1.9,2.15
209,42,William Hill,2.6,3.23,2.59,2.06,1.98
210,42,Ladbrokes,4.67,3.78,1.94,1.66,1.65
211,43,Bet365,4.15,3.77,1.87,1.81,1.82
212,43,Betfair,4.02,3.41,1.97,1.74,1.75
213,43,Pinnacle,1.63,3.43,5.06,1.67,1.71
214,43,William Hill,3.75,3.61,1.59,2.0,1.68
215,43,Ladbrokes,3.17,3.37,2.61,1.92,1.95
216,44,Bet365,4.79,3.03,1.88,1.82,1.76
217,44,Betfair,4.58,3.46,1.55,1.72,2.05
218,44,Pinnacle,4.0,3.48,1.61,1.82,1.98
219,44,William Hill,2.5,3.04,2.85,1.6,1.9
220,44,Ladbrokes,1.97,3.02,4.35,2.03,2.02
221,45,Bet365,3.5,3.15,2.16,2.19,2.16
222,45,Betfair,4.93,3.14,2.15,1.85,1.6
223,45,Pinnacle,2.63,3.0,2.52,2.12,1.61
224,45,William Hill,2.68,3.22,3.08,2.12,1.61
225,45,Ladbrokes,5.47,3.02,1.76,1.92,1.68
226,46,Bet365,5.41,3.69,2.12,1.67,2.11
227,46,Betfair,4.19,3.24,2.06,1.99,2.03
228,46,Pinnacle,4.09,3.68,1.98,2.0,2.1
229,46,William Hill,1.59,3.01,3.68,2.0,1.92
230,46,Ladbrokes,1.63,3.15,4.24,1.74,2.07
231,47,Bet365,2.79,3.24,2.68,1.99,1.75
232,47,Betfair,2.94,3.2,3.13,2.17,2.2
233,47,Pinnacle,1.62,3.55,5.78,1.71,1.92
234,47,William Hill,2.41,3.01,2.53,1.96,1.75
235,47,Ladbrokes,2.07,3.74,5.74,1.63,1.98
236,48,Bet365,1.69,3.45,5.82,1.9,1.94
237,48,Betfair,1.65,3.46,5.55,1.96,2.14
238,48,Pinnacle,4.3,3.2,1.68,1.96,2.14
239,48,William Hill,2.25,3.34,2.78,2.05,1.76
240,48,Ladbrokes,3.16,3.32,2.94,2.12,2.06
241,49,Bet365,2.2,3.25,5.1,1.95,1.68
242,49,Betfair,5.93,3.78,1.65,1.74,1.93
243,49,Pinnacle,2.63,3.23,2.68,2.1,2.09
244,49,William Hill,2.9,3.39,2.45,2.14,1.9
245,49,Ladbrokes,5.4,3.64,1.96,1.81,2.06
246,50,Bet365,4.5,3.76,1.63,1.93,1.92
247,50,Betfair,1.94,3.29,5.81,1.66,1.74
248,50,Pinnacle,5.94,3.55,2.14,2.14,1.83
249,50,William Hill,4.08,3.36,1.98,2.1,1.72
250,50,Ladbrokes,4.74,3.71,1.75,2.18,1.81
251,51,Bet365,2.07,3.01,4.8,2.1,2.12
252,51,Betfair,1.64,3.46,4.83,1.85,1.98
253,51,Pinnacle,2.58,3.3,2.22,1.95,1.9
254,51,William Hill,4.02,3.13,1.78,1.92,1.93
255,51,Ladbrokes,2.6,3.35,3.18,1.75,1.71
256,52,Bet365,3.16,3.28,2.63,1.85,1.67
257,52,Betfair,1.56,3.19,3.56,2.17,1.76
258,52,Pinnacle,2.33,3.45,2.9,1.62,2.09
259,52,William Hill,2.92,3.43,2.57,2.16,1.92
260,52,Ladbrokes,1.71,3.19,5.71,2.14,1.71
261,53,Bet365,2.26,3.26,2.82,1.64,1.84
262,53,Betfair,5.77,3.02,1.99,1.69,2.08
263,53,Pinnacle,4.57,3.61,1.89,2.1,1.74
264,53,William Hill,5.11,3.65,1.59,1.89,1.9
265,53,Ladbrokes,2.02,3.63,4.81,1.8,2.08
266,54,Bet365,3.1,3.4,3.07,1.79,2.15
267,54,Betfair,4.27,3.63,1.94,1.79,2.09
268,54,Pinnacle,3.65,3.13,1.54,1.83,2.18
269,54,William Hill,2.48,3.28,2.93,1.87,2.0
270,54,Ladbrokes,5.11,3.32,1.52,2.02,1.92
271,55,Bet365,1.56,3.57,4.95,1.98,1.78
272,55,Betfair,3.78,3.22,1.98,1.72,1.83
273,55,Pinnacle,3.07,3.07,3.16,1.76,2.19
274,55,William Hill,4.29,3.28,1.71,2.07,1.61
275,55,Ladbrokes,3.92,3.14,1.98,1.86,1.68
276,56,Bet365,4.89,3.43,2.08,2.1,1.6
277,56,Betfair,5.37,3.54,2.08,1.85,2.01
278,56,Pinnacle,1.73,3.39,4.04,2.15,1.82
279,56,William Hill,1.92,3.49,5.57,1.65,2.02
280,56,Ladbrokes,4.29,3.21,2.13,1.82,1.9
281,57,Bet365,2.0,3.2,3.97,1.61,1.77
282,57,Betfair,4.16,3.66,2.13,2.04,1.72
283,57,Pinnacle,4.51,3.33,2.02,1.92,1.74
284,57,William Hill,2.3,3.23,2.37,1.77,2.01
285,57,Ladbrokes,2.56,3.39,2.63,1.63,1.92
286,58,Bet365,4.79,3.37,1.7,2.2,2.17
287,58,Betfair,3.76,3.57,1.52,1.7,1.94
288,58,Pinnacle,2.24,3.07,2.21,2.17,1.79
289,58,William Hill,5.6,3.04,1.65,1.64,2.05
290,58,Ladbrokes,5.95,3.41,1.82,1.75,1.6
291,59,Bet365,4.36,3.48,1.94,2.09,1.71
292,59,Betfair,3.03,3.04,2.65,2.11,1.76
293,59,Pinnacle,3.64,3.55,2.03,1.61,1.76
294,59,William Hill,3.16,3.36,2.31,1.86,1.89
295,59,Ladbrokes,5.89,3.06,2.19,1.63,2.07
296,60,Bet365,4.81,3.0,1.68,2.12,1.93
297,60,Betfair,3.72,3.29,1.85,1.9,1.93
298,60,Pinnacle,1.75,3.48,3.86,1.76,2.13
299,60,William Hill,2.3,3.19,2.68,2.0,2.01
300,60,Ladbrokes,1.7,3.49,5.49,2.14,1.65
301,61,Bet365,5.43,3.16,1.67,1.88,2.16
302,61,Betfair,1.99,3.59,5.54,1.87,1.83
303,61,Pinnacle,2.26,3.03,2.74,1.63,1.85
304,61,William Hill,2.76,3.4,2.25,1.92,1.61
305,61,Ladbrokes,2.25,3.16,2.82,1.64,2.15
306,62,Bet365,2.68,3.29,2.41,1.63,1.91
307,62,Betfair,3.91,3.71,1.65,1.64,2.03
308,62,Pinnacle,3.09,3.18,2.63,2.11,1.81
309,62,William Hill,1.76,3.63,4.26,2.12,2.04
310,62,Ladbrokes,1.65,3.23,4.56,2.14,1.95
311,63,Bet365,4.52,3.2,2.12,1.63,2.1
312,63,Betfair,5.19,3.08,2.1,1.95,2.07
313,63,Pinnacle,1.56,3.28,3.87,1.96,1.87
314,63,William Hill,2.77,3.14,2.51,1.96,1.88
315,63,Ladbrokes,2.01,3.28,4.07,1.99,2.05
316,64,Bet365,4.0,3.12,1.57,2.17,1.85
317,64,Betfair,1.8,3.3,4.58,2.06,2.16
318,64,Pinnacle,3.18,3.08,2.3,1.72,2.17
319,64,William Hill,2.82,3.36,2.53,2.09,1.92
320,64,Ladbrokes,1.92,3.76,3.87,1.67,1.94
321,65,Bet365,1.96,3.15,3.92,2.0,1.86
322,65,Betfair,5.25,3.42,1.67,1.6,1.62
323,65,Pinnacle,5.34,3.22,2.0,2.0,1.93
324,65,William Hill,2.85,3.43,2.85,2.2,1.68
325,65,Ladbrokes,5.52,3.21,1.58,2.06,1.66
326,66,Bet365,3.55,3.45,1.75,2.13,1.77
327,66,Betfair,4.18,3.15,1.59,1.99,1.61
328,66,Pinnacle,2.68,3.04,2.8,2.19,1.64
329,66,William Hill,1.65,3.41,4.28,2.03,2.12
330,66,Ladbrokes,2.62,3.25,2.99,1.76,1.66
331,67,Bet365,5.39,3.79,2.01,2.08,1.63
332,67,Betfair,2.05,3.11,4.39,1.93,2.19
333,67,Pinnacle,3.16,3.37,2.42,1.78,1.81
334,67,William Hill,1.55,3.67,4.72,1.87,1.61
335,67,Ladbrokes,2.66,3.21,3.18,2.01,1.87
336,68,Bet365,2.08,3.17,4.22,2.0,2.1
337,68,Betfair,2.38,3.07,2.41,1.68,2.01
338,68,Pinnacle,4.49,3.73,1.97,1.94,1.95
339,68,William Hill,2.24,3.06,2.82,2.12,1.66
340,68,Ladbrokes,1.76,3.44,5.26,2.19,2.04
341,69,Bet365,5.2,3.56,1.78,1.83,2.01
342,69,Betfair,1.97,3.56,5.39,1.88,2.19
343,69,Pinnacle,1.53,3.27,4.5,2.03,1.74
344,69,William Hill,2.13,3.05,4.22,2.12,1.84
345,69,Ladbrokes,4.04,3.32,1.72,1.77,1.96
346,70,Bet365,4.84,3.66,1.85,1.81,1.84
347,70,Betfair,5.98,3.26,1.54,1.6,2.16
348,70,Pinnacle,2.33,3.04,2.65,2.04,1.89
349,70,William Hill,5.94,3.69,2.03,1.99,1.8
350,70,Ladbrokes,2.76,3.42,3.0,2.1,1.66
351,71,Bet365,1.62,3.11,4.68,1.83,1.74
352,71,Betfair,4.67,3.27,1.69,1.94,2.14
353,71,Pinnacle,2.48,3.37,2.58,2.07,1.75
354,71,William Hill,5.65,3.55,1.83,1.8,1.88
355,71,Ladbrokes,2.14,3.11,4.57,1.81,1.89
356,72,Bet365,2.06,3.19,4.54,1.93,1.73
357,72,Betfair,2.34,3.02,2.57,2.16,1.74
358,72,Pinnacle,3.15,3.35,3.02,1.91,1.94
359,72,William Hill,2.66,3.01,3.13,1.96,1.67
360,72,Ladbrokes,1.95,3.27,5.81,2.06,1.83
361,73,Bet365,5.95,3.7,2.1,2.01,2.11
362,73,Betfair,5.91,3.38,1.84,1.94,2.08
363,73,Pinnacle,3.88,3.48,1.61,1.86,2.01
364,73,William Hill,1.61,3.12,4.67,2.04,2.01
365,73,Ladbrokes,1.5,3.33,3.74,1.95,1.69
366,74,Bet365,1.57,3.78,4.88,1.89,2.15
367,74,Betfair,2.4,3.25,2.28,1.92,1.86
368,74,Pinnacle,2.08,3.16,3.78,2.14,2.18
369,74,William Hill,2.52,3.27,2.63,1.65,1.82
370,74,Ladbrokes,4.91,3.34,1.63,1.96,1.95
371,75,Bet365,4.18,3.45,1.75,1.8,2.1
372,75,Betfair,2.96,3.32,2.69,1.78,1.95
373,75,Pinnacle,4.06,3.48,1.62,1.6,1.74
374,75,William Hill,5.14,3.74,1.55,2.07,1.75
375,75,Ladbrokes,1.77,3.48,4.95,1.85,1.69
376,76,Bet365,1.55,3.29,4.29,2.06,1.6
377,76,Betfair,5.57,3.03,1.81,2.03,1.81
378,76,Pinnacle,3.72,3.48,1.7,1.64,1.98
379,76,William Hill,5.28,3.24,1.95,1.75,1.69
380,76,Ladbrokes,4.56,3.65,1.71,2.12,2.0
381,77,Bet365,4.77,3.12,1.91,1.64,2.19
382,77,Betfair,4.03,3.19,2.1,1.87,1.72
383,77,Pinnacle,1.57,3.52,5.1,1.84,2.05
384,77,William Hill,1.55,3.12,5.48,1.93,2.19
385,77,Ladbrokes,4.34,3.08,2.16,1.6,2.11
386,78,Bet365,2.87,3.1,2.78,1.75,2.13
387,78,Betfair,5.8,3.27,1.94,1.81,1.63
388,78,Pinnacle,3.62,3.28,1.93,1.83,1.86
389,78,William Hill,4.16,3.58,1.77,1.8,1.65
390,78,Ladbrokes,2.86,3.44,2.78,1.94,1.93
391,79,Bet365,4.04,3.14,1.6,1.64,1.67
392,79,Betfair,1.66,3.53,4.66,1.87,2.15
393,79,Pinnacle,1.65,3.69,4.26,2.1,2.01
394,79,William Hill,2.34,3.27,2.47,1.91,2.15
395,79,Ladbrokes,2.05,3.13,5.03,1.71,1.82
396,80,Bet365,4.67,3.35,1.9,2.2,1.64
397,80,Betfair,3.62,3.39,1.54,2.17,2.16
398,80,Pinnacle,5.18,3.75,1.83,1.95,2.09
399,80,William Hill,3.57,3.29,1.85,1.71,2.15
400,80,Ladbrokes,2.96,3.41,2.96,1.8,1.83
401,81,Bet365,1.87,3.47,3.99,2.18,1.86
402,81,Betfair,5.42,3.33,2.01,1.75,2.0
403,81,Pinnacle,1.95,3.79,5.59,2.15,1.77
404,81,William Hill,5.83,3.66,1.65,1.65,1.99
405,81,Ladbrokes,1.85,3.11,3.75,2.02,2.13
406,82,Bet365,5.46,3.14,1.66,2.17,2.06
407,82,Betfair,4.24,3.62,2.19,1.95,1.82
408,82,Pinnacle,3.59,3.02,1.74,1.67,1.88
409,82,William Hill,4.32,3.42,1.77,1.95,1.89
410,82,Ladbrokes,5.04,3.51,1.86,1.65,1.98
411,83,Bet365,1.51,3.28,5.32,2.12,2.08
412,83,Betfair,2.64,3.18,2.95,1.93,1.95
413,83,Pinnacle,4.33,3.15,1.99,1.63,1.83
414,83,William Hill,1.64,3.1,4.88,1.95,1.67
415,83,Ladbrokes,2.62,3.19,3.17,1.75,1.7
416,84,Bet365,4.0,3.77,2.18,1.81,1.72
417,84,Betfair,3.6,3.5,2.12,2.09,2.11
418,84,Pinnacle,2.42,3.22,2.65,1.68,1.62
419,84,William Hill,2.08,3.07,4.12,2.02,1.68
420,84,Ladbrokes,1.63,3.26,3.9,1.81,1.87
421,85,Bet365,1.91,3.56,5.89,1.87,1.79
422,85,Betfair,5.55,3.09,1.79,2.18,2.1
423,85,Pinnacle,2.52,3.18,3.17,1.61,2.11
424,85,William Hill,3.66,3.78,1.99,2.13,1.84
425,85,Ladbrokes,4.15,3.72,2.17,1.91,1.72
426,86,Bet365,4.96,3.15,2.05,1.87,1.65
427,86,Betfair,2.73,3.43,2.71,2.09,1.75
428,86,Pinnacle,2.42,3.3,2.64,1.68,2.18
429,86,William Hill,1.54,3.1,5.15,1.97,1.89
430,86,Ladbrokes,5.64,3.75,1.69,1.66,1.83
431,87,Bet365,4.76,3.27,1.73,2.14,1.81
432,87,Betfair,3.62,3.2,2.08,1.68,2.1
433,87,Pinnacle,1.96,3.23,5.42,1.62,1.95
434,87,William Hill,2.52,3.4,2.3,2.04,1.73
435,87,Ladbrokes,2.11,3.32,3.58,1.9,1.72
436,88,Bet365,3.6,3.28,1.56,1.8,1.6
437,88,Betfair,2.36,3.17,2.33,2.15,1.86
438,88,Pinnacle,2.42,3.14,2.3,1.91,1.65
439,88,William Hill,5.95,3.19,1.6,1.61,1.68
440,88,Ladbrokes,1.72,3.4,4.44,1.64,1.74
441,89,Bet365,5.9,3.3,2.16,1.79,2.03
442,89,Betfair,4.3,3.55,1.93,1.83,2.0
443,89,Pinnacle,4.79,3.49,1.98,1.9,2.03
444,89,William Hill,1.87,3.66,5.18,2.1,1.72
445,89,Ladbrokes,2.39,3.41,3.02,1.75,2.11
446,90,Bet365,4.01,3.61,1.87,1.76,1.79
447,90,Betfair,1.95,3.1,4.93,1.75,2.14
448,90,Pinnacle,4.69,3.24,2.07,1.89,1.77
449,90,William Hill,5.72,3.56,1.77,1.99,2.17
450,90,Ladbrokes,4.28,3.01,2.2,1.74,1.76
451,91,Bet365,1.54,3.25,3.92,2.16,1.72
452,91,Betfair,2.21,3.07,3.13,2.1,1.91
453,91,Pinnacle,1.75,3.19,4.65,1.65,2.1
454,91,William Hill,5.17,3.13,2.04,2.14,1.75
455,91,Ladbrokes,5.41,3.56,1.97,2.16,1.88
456,92,Bet365,4.66,3.25,1.67,2.0,1.77
457,92,Betfair,2.2,3.16,4.94,1.64,1.64
458,92,Pinnacle,5.32,3.52,1.82,1.89,1.78
459,92,William Hill,5.79,3.55,2.06,2.06,2.07
460,92,Ladbrokes,5.24,3.31,2.11,1.91,1.91
461,93,Bet365,2.17,3.24,3.87,2.05,1.86
462,93,Betfair,1.54,3.57,5.61,2.02,1.95
463,93,Pinnacle,3.73,3.23,1.55,1.89,1.81
464,93,William Hill,1.81,3.17,4.43,1.61,2.1
465,93,Ladbrokes,4.53,3.57,1.54,1.7,2.14
466,94,Bet365,3.78,3.59,1.6,1.66,1.84
467,94,Betfair,1.72,3.55,3.98,2.05,1.64
468,94,Pinnacle,5.87,3.53,1.99,1.71,1.82
469,94,William Hill,4.3,3.09,1.51,2.19,1.72
470,94,Ladbrokes,2.68,3.44,3.15,2.0,1.85
471,95,Bet365,1.91,3.02,4.7,1.84,2.11
472,95,Betfair,2.04,3.48,4.09,1.97,2.17
473,95,Pinnacle,2.1,3.26,4.57,1.87,1.72
474,95,William Hill,2.97,3.03,3.14,2.09,1.91
475,95,Ladbrokes,2.09,3.22,4.71,2.1,2.16
476,96,Bet365,3.09,3.08,2.43,1.64,1.65
477,96,Betfair,4.39,3.79,1.93,1.62,1.9
478,96,Pinnacle,1.82,3.22,5.67,2.14,2.09
479,96,William Hill,1.79,3.61,6.0,1.73,1.88
480,96,Ladbrokes,2.23,3.06,2.88,1.8,2.06
481,97,Bet365,4.8,3.76,1.72,1.64,2.07
482,97,Betfair,2.17,3.27,4.66,1.75,1.68
483,97,Pinnacle,3.01,3.18,2.22,1.89,2.08
484,97,William Hill,1.58,3.24,3.58,1.71,2.01
485,97,Ladbrokes,1.53,3.39,5.88,1.92,2.03
486,98,Bet365,4.82,3.21,2.12,1.98,2.03
487,98,Betfair,2.84,3.49,2.26,1.65,2.17
488,98,Pinnacle,4.63,3.79,1.54,1.64,2.18
489,98,William Hill,1.61,3.15,5.99,1.88,1.98
490,98,Ladbrokes,1.54,3.53,5.83,2.01,2.01
491,99,Bet365,4.58,3.41,1.83,2.18,2.16
492,99,Betfair,2.1,3.15,5.28,1.75,1.81
493,99,Pinnacle,5.27,3.3,1.55,2.01,2.16
494,99,William Hill,5.82,3.02,2.03,2.15,1.89
495,99,Ladbrokes,1.54,3.22,5.75,2.04,1.63
496,100,Bet365,2.86,3.14,2.32,1.9,2.1
497,100,Betfair,1.55,3.18,5.44,1.91,1.79
498,100,Pinnacle,1.9,3.48,4.16,2.05,1.63
499,100,William Hill,4.85,3.03,1.84,1.79,2.14
500,100,Ladbrokes,2.02,3.17,4.35,1.62,2.01
501,101,Bet365,4.68,3.68,1.66,1.96,1.74
502,101,Betfair,2.83,3.39,2.91,2.06,1.8
503,101,Pinnacle,4.05,3.32,1.52,1.78,1.9
504,101,William Hill,3.76,3.62,1.66,1.71,1.92
505,101,Ladbrokes,1.86,3.22,5.39,1.97,2.16
506,102,Bet365,4.44,3.06,2.05,1.72,1.73
507,102,Betfair,1.89,3.46,5.76,2.08,2.0
508,102,Pinnacle,1.74,3.31,5.9,1.96,1.96
509,102,William Hill,5.84,3.08,1.73,1.88,2.12
510,102,Ladbrokes,1.84,3.08,4.76,1.71,1.83
511,103,Bet365,3.74,3.7,1.55,1.71,1.89
512,103,Betfair,5.16,3.76,1.84,2.14,2.03
513,103,Pinnacle,2.4,3.16,2.69,2.04,2.2
514,103,William Hill,1.71,3.73,3.76,1.83,2.04
515,103,Ladbrokes,2.54,3.04,2.7,1.93,1.74
516,104,Bet365,5.47,3.27,2.19,1.94,2.07
517,104,Betfair,2.94,3.16,2.61,1.94,2.11
518,104,Pinnacle,1.61,3.55,4.18,1.72,1.97
519,104,William Hill,1.62,3.66,5.15,1.86,1.75
520,104,Ladbrokes,5.99,3.63,1.58,1.73,1.95
521,105,Bet365,2.15,3.54,3.87,1.73,2.14
522,105,Betfair,3.18,3.4,2.97,1.93,1.62
523,105,Pinnacle,2.51,3.43,2.85,2.18,1.67
524,105,William Hill,5.39,3.35,2.02,2.06,1.94
525,105,Ladbrokes,1.84,3.56,4.69,2.16,2.0
526,106,Bet365,4.02,3.18,2.0,1.85,2.16
527,106,Betfair,4.61,3.27,1.93,1.93,2.15
528,106,Pinnacle,4.84,3.75,1.61,2.19,1.89
529,106,William Hill,2.28,3.24,2.41,2.06,1.71
530,106,Ladbrokes,4.29,3.75,1.91,2.03,1.99
531,107,Bet365,5.47,3.03,1.6,1.61,1.75
532,107,Betfair,3.97,3.41,2.07,2.2,2.17
533,107,Pinnacle,3.93,3.02,1.52,2.02,1.73
534,107,William Hill,2.44,3.25,3.03,1.8,1.86
535,107,Ladbrokes,3.01,3.18,3.15,1.95,2.16
536,108,Bet365,4.05,3.77,1.69,2.08,2.07
537,108,Betfair,3.85,3.28,2.17,1.78,2.17
538,108,Pinnacle,3.72,3.21,1.57,2.04,1.97
539,108,William Hill,2.52,3.28,2.35,1.68,2.15
540,108,Ladbrokes,4.8,3.61,1.74,1.93,2.05
541,109,Bet365,4.38,3.55,1.55,2.05,1.88
542,109,Betfair,3.11,3.13,2.58,1.88,2.0
543,109,Pinnacle,4.82,3.08,2.01,1.82,2.01
544,109,William Hill,2.19,3.45,3.91,1.74,1.81
545,109,Ladbrokes,3.93,3.25,1.98,1.71,1.78
546,110,Bet365,1.95,3.69,5.02,2.2,1.84
547,110,Betfair,2.7,3.26,2.54,1.64,1.69
548,110,Pinnacle,5.75,3.2,2.06,1.99,1.94
549,110,William Hill,4.22,3.21,2.08,1.93,2.19
550,110,Ladbrokes,2.93,3.09,2.78,1.94,1.73
551,111,Bet365,1.91,3.01,3.67,1.72,1.82
552,111,Betfair,2.8,3.41,2.28,1.69,2.09
553,111,Pinnacle,5.63,3.45,1.72,1.65,1.81
554,111,William Hill,2.6,3.31,2.36,2.1,1.93
555,111,Ladbrokes,2.18,3.17,4.72,1.86,1.73
556,112,Bet365,5.59,3.27,1.68,1.96,1.87
557,112,Betfair,2.32,3.06,2.81,2.13,2.07
558,112,Pinnacle,3.86,3.01,1.68,1.94,1.73
559,112,William Hill,2.05,3.51,4.41,1.9,2.18
560,112,Ladbrokes,2.23,3.25,3.16,2.05,1.76
561,113,Bet365,1.65,3.7,5.0,1.85,1.63
562,113,Betfair,2.84,3.11,2.65,1.71,1.72
563,113,Pinnacle,4.21,3.61,1.9,1.62,1.9
564,113,William Hill,4.54,3.04,2.12,1.66,1.63
565,113,Ladbrokes,5.56,3.34,2.16,2.1,1.62
566,114,Bet365,1.89,3.09,5.05,1.75,1.83
567,114,Betfair,2.06,3.07,3.81,1.65,1.67
568,114,Pinnacle,2.75,3.07,2.77,1.92,2.09
569,114,William Hill,4.85,3.21,2.12,1.83,1.86
570,114,Ladbrokes,4.98,3.62,2.07,1.63,1.87
571,115,Bet365,5.44,3.23,1.66,2.15,1.8
572,115,Betfair,3.9,3.49,1.79,2.01,2.12
573,115,Pinnacle,2.44,3.06,2.61,1.82,2.18
574,115,William Hill,2.51,3.22,2.45,1.9,1.65
575,115,Ladbrokes,3.06,3.36,3.2,1.66,1.79
576,116,Bet365,1.82,3.53,4.08,2.18,1.63
577,116,Betfair,2.86,3.31,2.29,1.73,1.95
578,116,Pinnacle,2.41,3.14,2.62,2.0,2.18
579,116,William Hill,5.12,3.58,1.72,1.63,1.66
580,116,Ladbrokes,3.01,3.12,2.66,1.82,1.69
581,117,Bet365,2.47,3.22,2.42,2.07,1.98
582,117,Betfair,5.27,3.65,1.83,2.13,1.79
583,117,Pinnacle,5.74,3.73,1.69,2.07,1.91
584,117,William Hill,2.1,3.52,5.16,1.94,2.16
585,117,Ladbrokes,4.14,3.15,1.87,1.62,1.97
586,118,Bet365,2.76,3.13,2.34,1.96,2.13
587,118,Betfair,5.18,3.14,1.51,1.81,1.92
588,118,Pinnacle,1.79,3.23,4.05,2.14,2.07
589,118,William Hill,2.64,3.01,2.24,2.16,2.09
590,118,Ladbrokes,2.08,3.69,4.09,1.93,1.62
591,119,Bet365,5.51,3.52,1.52,1.66,1.67
592,119,Betfair,1.96,3.32,5.76,1.95,1.7
593,119,Pinnacle,2.1,3.09,5.55,2.09,1.91
594,119,William Hill,1.77,3.26,5.8,1.76,1.95
595,119,Ladbrokes,4.28,3.32,1.76,1.8,2.02
596,120,Bet365,5.74,3.75,2.12,2.09,1.67
597,120,Betfair,1.67,3.38,3.94,2.0,1.7
598,120,Pinnacle,3.56,3.02,1.87,1.7,2.0
599,120,William Hill,3.8,3.19,1.61,1.98,1.76
600,120,Ladbrokes,2.99,3.36,3.09,1.63,1.72
601,121,Bet365,2.26,3.18,2.58,2.02,1.82
602,121,Betfair,5.29,3.0,1.56,2.03,2.01
603,121,Pinnacle,1.95,3.2,3.61,1.74,2.09
604,121,William Hill,3.18,3.35,2.25,1.67,2.08
605,121,Ladbrokes,1.52,3.63,4.26,2.0,1.83
606,122,Bet365,2.49,3.14,3.18,2.09,1.65
607,122,Betfair,2.08,3.01,4.2,1.7,1.87
608,122,Pinnacle,5.34,3.48,1.7,2.08,1.92
609,122,William Hill,1.65,3.07,5.23,2.12,2.04
610,122,Ladbrokes,1.78,3.67,5.31,2.15,1.77
611,123,Bet365,1.87,3.38,4.56,2.06,1.88
612,123,Betfair,2.34,3.03,2.35,2.0,2.06
613,123,Pinnacle,4.5,3.61,1.99,2.12,1.74
614,123,William Hill,4.96,3.75,1.86,1.68,1.73
615,123,Ladbrokes,4.28,3.77,1.55,2.02,1.98
616,124,Bet365,1.96,3.5,5.73,1.94,1.68
617,124,Betfair,1.86,3.06,4.48,1.83,2.11
618,124,Pinnacle,2.2,3.72,5.64,1.71,1.98
619,124,William Hill,5.53,3.8,1.72,2.2,2.01
620,124,Ladbrokes,3.81,3.34,2.11,1.82,1.8
621,125,Bet365,2.08,3.77,3.82,2.08,1.71
622,125,Betfair,3.8,3.15,2.16,1.67,1.95
623,125,Pinnacle,1.53,3.09,3.82,2.12,1.92
624,125,William Hill,5.25,3.66,2.06,2.08,2.08
625,125,Ladbrokes,4.22,3.64,2.16,1.87,2.12
626,126,Bet365,2.71,3.31,2.73,1.66,1.87
627,126,Betfair,1.84,3.51,3.53,1.71,1.79
628,126,Pinnacle,5.61,3.56,1.93,1.82,1.95
629,126,William Hill,2.07,3.29,5.87,1.83,1.87
630,126,Ladbrokes,1.52,3.65,4.55,1.92,1.77
631,127,Bet365,5.77,3.08,1.84,1.8,1.97
632,127,Betfair,5.37,3.62,1.73,2.06,1.8
633,127,Pinnacle,1.85,3.13,4.34,1.78,1.94
634,127,William Hill,2.27,3.15,2.89,1.67,1.81
635,127,Ladbrokes,4.81,3.59,1.74,1.72,1.73
636,128,Bet365,1.78,3.41,5.83,2.06,1.69
637,128,Betfair,1.98,3.16,4.47,1.87,2.18
638,128,Pinnacle,5.47,3.06,1.53,1.93,1.66
639,128,William Hill,3.19,3.14,2.98,1.87,1.73
640,128,Ladbrokes,1.69,3.23,4.51,1.85,1.78
641,129,Bet365,5.19,3.71,1.97,1.94,2.04
642,129,Betfair,3.64,3.25,2.03,2.07,2.0
643,129,Pinnacle,2.19,3.01,4.08,1.66,2.17
644,129,William Hill,2.61,3.42,2.78,1.88,1.61
645,129,Ladbrokes,5.61,3.6,1.66,1.8,1.79
646,130,Bet365,2.23,3.37,2.99,1.8,1.89
647,130,Betfair,4.56,3.53,2.03,1.61,1.87
648,130,Pinnacle,2.97,3.01,2.4,1.69,1.84
649,130,William Hill,2.38,3.34,2.42,1.79,2.1
650,130,Ladbrokes,2.17,3.54,4.11,1.8,2.14
651,131,Bet365,3.6,3.04,2.02,1.94,1.63
652,131,Betfair,2.34,3.47,2.28,1.8,2.01
653,131,Pinnacle,3.98,3.49,2.02,1.92,2.15
654,131,William Hill,4.33,3.34,1.97,1.69,1.92
655,131,Ladbrokes,5.46,3.52,2.18,2.01,2.16
656,132,Bet365,4.19,3.28,1.85,1.97,1.79
657,132,Betfair,1.81,3.52,5.04,2.18,1.91
658,132,Pinnacle,3.0,3.46,2.6,1.92,1.68
659,132,William Hill,1.77,3.49,4.35,1.96,1.94
660,132,Ladbrokes,1.95,3.66,3.61,1.68,1.76
661,133,Bet365,5.19,3.6,2.13,2.11,1.63
662,133,Betfair,3.5,3.22,2.15,1.75,1.74
663,133,Pinnacle,1.74,3.39,4.42,2.18,1.88
664,133,William Hill,4.48,3.53,2.07,1.66,2.12
665,133,Ladbrokes,4.16,3.55,1.57,1.8,1.74
666,134,Bet365,5.72,3.68,1.68,2.01,2.1
667,134,Betfair,1.66,3.79,4.97,2.07,1.66
668,134,Pinnacle,2.47,3.24,2.76,2.13,1.81
669,134,William Hill,1.79,3.73,5.88,1.68,1.88
670,134,Ladbrokes,1.97,3.07,4.42,2.16,1.91
671,135,Bet365,4.66,3.28,1.73,1.67,1.8
672,135,Betfair,1.85,3.01,4.23,2.05,1.65
673,135,Pinnacle,2.01,3.26,3.76,1.68,2.01
674,135,William Hill,2.56,3.44,2.57,2.13,1.97
675,135,Ladbrokes,4.37,3.11,1.64,1.94,1.82
676,136,Bet365,5.71,3.17,1.79,1.83,1.76
677,136,Betfair,5.2,3.39,1.74,2.05,1.66
678,136,Pinnacle,3.61,3.24,1.88,1.73,2.06
679,136,William Hill,4.39,3.29,1.72,1.93,2.04
680,136,Ladbrokes,2.58,3.47,2.88,1.64,1.98
681,137,Bet365,3.02,3.21,2.61,1.86,1.95
682,137,Betfair,1.59,3.19,3.51,2.1,1.79
683,137,Pinnacle,2.06,3.51,3.86,2.17,2.06
684,137,William Hill,4.72,3.58,2.13,1.63,2.11
685,137,Ladbrokes,4.88,3.18,2.02,1.94,1.84
686,138,Bet365,5.21,3.3,2.13,2.03,2.0
687,138,Betfair,1.9,3.22,5.2,1.6,2.14
688,138,Pinnacle,3.94,3.48,1.52,1.78,1.91
689,138,William Hill,3.86,3.53,2.11,2.17,1.62
690,138,Ladbrokes,3.99,3.41,1.82,1.8,1.66
691,139,Bet365,4.74,3.45,2.2,2.03,2.15
692,139,Betfair,1.52,3.76,3.97,1.76,1.84
693,139,Pinnacle,2.38,3.01,2.82,2.02,2.04
694,139,William Hill,3.05,3.45,2.45,1.94,1.74
695,139,Ladbrokes,4.39,3.46,2.15,2.06,1.68
696,140,Bet365,5.91,3.72,1.83,2.02,1.96
697,140,Betfair,2.46,3.46,2.95,1.99,2.19
698,140,Pinnacle,3.5,3.06,1.66,1.86,2.11
699,140,William Hill,2.16,3.6,3.68,1.68,2.05
700,140,Ladbrokes,2.45,3.4,3.0,2.03,1.61
701,141,Bet365,4.72,3.19,2.11,2.11,2.17
702,141,Betfair,2.1,3.04,4.33,2.15,1.99
703,141,Pinnacle,5.07,3.2,1.75,1.65,1.71
704,141,William Hill,1.9,3.22,5.6,1.78,1.81
705,141,Ladbrokes,1.69,3.32,3.67,1.87,2.01
706,142,Bet365,1.56,3.42,3.77,1.94,1.9
707,142,Betfair,4.22,3.33,1.84,1.82,1.81
708,142,Pinnacle,5.69,3.14,2.1,2.16,1.63
709,142,William Hill,2.2,3.34,3.53,1.83,1.91
710,142,Ladbrokes,2.86,3.46,2.76,2.13,1.94
711,143,Bet365,3.83,3.36,2.18,1.81,1.76
712,143,Betfair,2.09,3.79,5.55,2.11,1.78
713,143,Pinnacle,2.92,3.08,2.23,2.14,1.88
714,143,William Hill,3.19,3.17,2.44,1.64,1.73
715,143,Ladbrokes,2.7,3.4,3.19,2.1,1.65
716,144,Bet365,1.92,3.56,4.54,2.08,1.85
717,144,Betfair,4.76,3.36,1.81,2.0,1.86
718,144,Pinnacle,3.63,3.48,1.65,1.93,2.01
719,144,William Hill,2.24,3.46,2.57,1.9,1.64
720,144,Ladbrokes,5.56,3.26,1.84,2.17,2.07
721,145,Bet365,5.83,3.14,2.0,1.74,2.07
722,145,Betfair,2.86,3.38,2.54,1.91,1.73
723,145,Pinnacle,2.65,3.35,2.41,2.18,1.62
724,145,William Hill,4.61,3.66,1.97,1.84,1.82
725,145,Ladbrokes,4.94,3.36,1.61,2.17,1.84
726,146,Bet365,3.82,3.11,1.83,2.12,1.98
727,146,Betfair,4.9,3.66,1.78,2.19,1.73
728,146,Pinnacle,3.19,3.23,2.76,1.74,1.67
729,146,William Hill,2.76,3.21,2.63,1.76,1.66
730,146,Ladbrokes,1.92,3.33,5.48,1.68,2.13
731,147,Bet365,4.44,3.46,2.02,1.89,2.17
732,147,Betfair,3.57,3.4,1.8,1.78,2.14
733,147,Pinnacle,1.88,3.28,5.85,1.9,1.73
734,147,William Hill,1.95,3.19,3.96,1.6,1.71
735,147,Ladbrokes,2.33,3.04,2.95,1.61,1.72
736,148,Bet365,3.87,3.32,1.77,2.04,1.9
737,148,Betfair,1.61,3.61,5.75,1.83,1.82
738,148,Pinnacle,3.12,3.11,2.91,1.68,1.87
739,148,William Hill,3.93,3.6,2.07,1.72,1.68
740,148,Ladbrokes,5.88,3.11,1.82,1.85,1.81
741,149,Bet365,2.44,3.24,2.47,1.75,1.91
742,149,Betfair,5.01,3.33,1.65,1.98,1.71
743,149,Pinnacle,1.54,3.5,5.36,1.73,1.7
744,149,William Hill,2.16,3.72,5.5,1.88,2.17
745,149,Ladbrokes,3.86,3.15,1.59,1.72,1.97
746,150,Bet365,2.13,3.3,3.77,1.93,1.81
747,150,Betfair,5.55,3.2,1.94,1.72,1.89
748,150,Pinnacle,3.95,3.42,1.85,1.8,1.62
749,150,William Hill,1.74,3.19,4.2,1.96,1.7
750,150,Ladbrokes,4.1,3.57,1.51,2.14,2.15
751,151,Bet365,1.54,3.46,5.24,1.81,1.64
752,151,Betfair,3.78,3.4,1.66,2.09,1.74
753,151,Pinnacle,4.91,3.42,1.93,1.94,1.74
754,151,William Hill,2.02,3.19,5.0,2.16,1.91
755,151,Ladbrokes,3.74,3.24,2.02,2.18,1.9
756,152,Bet365,1.77,3.5,3.88,2.06,2.0
757,152,Betfair,4.82,3.71,2.01,1.73,1.75
758,152,Pinnacle,4.02,3.73,1.65,1.79,2.14
759,152,William Hill,5.48,3.21,1.79,2.13,2.2
760,152,Ladbrokes,2.84,3.14,3.07,2.07,1.79
761,153,Bet365,4.91,3.48,1.96,2.08,1.94
762,153,Betfair,2.8,3.45,3.11,1.99,2.19
763,153,Pinnacle,3.76,3.23,1.97,1.82,1.91
764,153,William Hill,3.54,3.35,1.53,2.1,1.96
765,153,Ladbrokes,5.74,3.42,2.11,1.69,1.97
766,154,Bet365,2.08,3.17,4.6,1.88,1.66
767,154,Betfair,1.51,3.71,5.8,1.94,1.96
768,154,Pinnacle,5.63,3.19,1.82,2.02,1.81
769,154,William Hill,3.66,3.46,1.75,1.75,1.75
770,154,Ladbrokes,1.78,3.62,3.98,2.14,1.97
771,155,Bet365,5.28,3.03,2.02,2.04,2.01
772,155,Betfair,5.63,3.55,1.77,1.62,1.92
773,155,Pinnacle,1.71,3.08,4.17,2.15,2.19
774,155,William Hill,1.53,3.26,4.51,1.63,2.19
775,155,Ladbrokes,1.99,3.68,4.09,1.97,2.06
776,156,Bet365,2.03,3.77,5.83,1.77,2.13
777,156,Betfair,5.93,3.68,1.51,1.86,2.13
778,156,Pinnacle,5.62,3.73,2.09,1.68,2.07
779,156,William Hill,4.74,3.18,1.69,2.0,1.89
780,156,Ladbrokes,5.28,3.28,2.14,1.85,2.14
781,157,Bet365,4.71,3.74,2.09,1.8,1.79
782,157,Betfair,1.88,3.28,3.68,1.82,1.62
783,157,Pinnacle,1.6,3.76,5.26,2.18,1.88
784,157,William Hill,1.77,3.14,4.2,2.08,1.78
785,157,Ladbrokes,2.41,3.39,2.67,2.18,1.9
786,158,Bet365,5.57,3.67,1.77,2.08,1.97
787,158,Betfair,1.52,3.31,4.58,2.16,1.94
788,158,Pinnacle,4.67,3.01,1.88,1.74,1.79
789,158,William Hill,4.33,3.68,1.6,1.69,1.87
790,158,Ladbrokes,3.09,3.25,2.57,1.77,1.85
791,159,Bet365,2.14,3.0,5.39,1.66,1.95
792,159,Betfair,1.61,3.0,4.25,1.9,2.09
793,159,Pinnacle,5.52,3.1,1.53,1.73,1.87
794,159,William Hill,2.41,3.46,2.82,1.63,1.67
795,159,Ladbrokes,4.48,3.13,1.91,2.18,1.74
796,160,Bet365,2.73,3.28,2.68,1.81,1.84
797,160,Betfair,2.8,3.13,2.47,1.87,1.8
798,160,Pinnacle,2.32,3.22,2.48,1.73,1.98
799,160,William Hill,5.67,3.38,2.03,2.1,1.67
800,160,Ladbrokes,2.53,3.41,2.62,1.83,1.99
801,161,Bet365,4.45,3.61,1.85,1.88,1.61
802,161,Betfair,2.13,3.73,5.87,2.11,1.9
803,161,Pinnacle,1.71,3.46,5.84,2.06,1.69
804,161,William Hill,2.71,3.31,2.23,1.65,2.13
805,161,Ladbrokes,4.41,3.78,1.62,2.06,2.13
806,162,Bet365,2.13,3.76,4.06,1.74,1.79
807,162,Betfair,3.11,3.05,2.78,1.88,1.63
808,162,Pinnacle,3.81,3.55,1.75,2.16,1.68
809,162,William Hill,2.15,3.8,3.71,1.72,1.97
810,162,Ladbrokes,3.01,3.17,2.8,1.61,2.09
811,163,Bet365,5.13,3.7,1.52,1.68,1.71
812,163,Betfair,4.41,3.63,1.77,1.78,1.88
813,163,Pinnacle,4.2,3.78,1.81,2.1,2.17
814,163,William Hill,2.52,3.47,2.21,2.14,2.11
815,163,Ladbrokes,4.46,3.31,1.89,1.71,1.92
816,164,Bet365,2.12,3.06,4.8,1.97,1.68
817,164,Betfair,1.62,3.16,5.16,1.75,1.8
818,164,Pinnacle,1.53,3.17,5.62,2.08,2.14
819,164,William Hill,4.51,3.69,1.9,2.18,2.01
820,164,Ladbrokes,2.82,3.09,3.03,2.0,1.95
821,165,Bet365,2.47,3.05,3.1,2.17,1.77
822,165,Betfair,1.8,3.11,4.22,2.08,2.15
823,165,Pinnacle,5.94,3.05,1.53,1.7,2.2
824,165,William Hill,3.93,3.11,1.73,1.64,2.1
825,165,Ladbrokes,2.69,3.44,2.3,1.86,1.91
826,166,Bet365,1.89,3.38,5.65,2.19,2.19
827,166,Betfair,4.76,3.46,1.76,2.07,1.93
828,166,Pinnacle,2.97,3.12,2.45,1.95,1.8
829,166,William Hill,2.36,3.15,2.52,1.82,2.1
830,166,Ladbrokes,2.01,3.23,3.56,1.64,2.16
831,167,Bet365,5.59,3.57,1.76,2.1,2.09
832,167,Betfair,2.98,3.28,2.34,1.72,2.01
833,167,Pinnacle,4.04,3.1,2.14,1.98,1.82
834,167,William Hill,4.24,3.47,1.62,1.91,1.86
835,167,Ladbrokes,4.74,3.53,1.71,2.12,1.95
836,168,Bet365,2.47,3.32,2.54,2.06,2.08
837,168,Betfair,4.02,3.4,2.0,1.94,1.68
838,168,Pinnacle,2.85,3.3,2.52,1.66,1.71
839,168,William Hill,3.82,3.21,1.58,2.0,1.82
840,168,Ladbrokes,2.34,3.11,2.75,1.9,1.8
841,169,Bet365,2.76,3.33,2.28,2.14,2.06
842,169,Betfair,5.53,3.79,1.9,2.07,1.79
843,169,Pinnacle,2.08,3.23,5.69,1.76,1.69
844,169,William Hill,5.8,3.17,1.65,1.64,2.17
845,169,Ladbrokes,2.88,3.07,2.6,1.69,2.19
846,170,Bet365,2.97,3.43,2.38,1.92,2.05
847,170,Betfair,3.62,3.47,1.65,1.96,2.2
848,170,Pinnacle,2.13,3.4,5.96,2.14,1.72
849,170,William Hill,1.99,3.34,5.51,2.14,1.64
850,170,Ladbrokes,1.69,3.06,5.23,2.17,2.16
851,171,Bet365,2.45,3.43,2.2,1.9,1.9
852,171,Betfair,1.52,3.06,4.61,2.18,1.82
853,171,Pinnacle,3.86,3.14,2.13,2.04,1.61
854,171,William Hill,2.09,3.45,3.81,1.77,2.02
855,171,Ladbrokes,1.71,3.57,3.63,1.93,1.92
856,172,Bet365,3.12,3.41,3.02,1.62,1.62
857,172,Betfair,3.1,3.41,2.54,1.94,1.89
858,172,Pinnacle,1.61,3.53,4.08,2.11,2.11
859,172,William Hill,2.65,3.31,2.45,1.78,1.85
860,172,Ladbrokes,3.8,3.66,2.01,2.01,1.88
861,173,Bet365,1.65,3.5,4.0,2.13,1.97
862,173,Betfair,5.43,3.19,1.54,1.99,2.15
863,173,Pinnacle,3.97,3.13,1.83,1.8,1.64
864,173,William Hill,2.65,3.47,2.94,1.65,2.09
865,173,Ladbrokes,2.37,3.47,2.58,1.9,1.91
866,174,Bet365,5.65,3.11,1.65,1.67,2.15
867,174,Betfair,1.86,3.38,4.66,2.18,2.1
868,174,Pinnacle,2.68,3.04,2.81,2.14,1.98
869,174,William Hill,4.37,3.45,1.92,1.85,1.99
870,174,Ladbrokes,2.23,3.27,2.87,1.83,1.83
871,175,Bet365,4.06,3.31,1.66,2.08,1.93
872,175,Betfair,2.37,3.47,2.83,2.18,1.97
873,175,Pinnacle,2.55,3.46,2.42,2.11,1.67
874,175,William Hill,4.81,3.58,1.78,2.2,1.96
875,175,Ladbrokes,1.6,3.5,4.02,1.72,2.01
876,176,Bet365,3.05,3.11,2.56,2.06,2.03
877,176,Betfair,2.31,3.01,2.39,1.86,2.16
878,176,Pinnacle,3.83,3.25,1.57,1.94,1.68
879,176,William Hill,1.83,3.66,5.55,1.8,2.04
880,176,Ladbrokes,4.15,3.49,1.67,2.16,2.17
881,177,Bet365,4.05,3.53,2.14,1.67,1.9
882,177,Betfair,5.75,3.05,1.98,1.7,1.79
883,177,Pinnacle,1.68,3.63,4.14,1.85,1.8
884,177,William Hill,4.98,3.45,2.17,1.97,2.02
885,177,Ladbrokes,5.0,3.69,1.88,2.07,1.76
886,178,Bet365,2.36,3.41,2.98,1.85,1.72
887,178,Betfair,2.81,3.02,2.94,2.18,2.05
888,178,Pinnacle,3.53,3.17,2.08,1.73,1.91
889,178,William Hill,1.71,3.59,5.58,1.7,2.1
890,178,Ladbrokes,2.2,3.32,5.35,1.61,1.79
891,179,Bet365,1.77,3.18,5.03,1.76,2.05
892,179,Betfair,2.42,3.22,2.61,2.01,1.84
893,179,Pinnacle,4.32,3.24,1.59,1.61,1.85
894,179,William Hill,2.18,3.45,3.56,1.92,1.99
895,179,Ladbrokes,5.6,3.58,1.87,1.95,1.77
896,180,Bet365,1.77,3.7,5.75,1.81,2.04
897,180,Betfair,2.03,3.1,5.05,1.6,2.06
898,180,Pinnacle,2.39,3.05,2.69,1.96,1.83
899,180,William Hill,5.67,3.76,1.69,1.87,1.62
900,180,Ladbrokes,2.12,3.23,5.06,1.77,1.77
901,181,Bet365,5.05,3.34,1.77,1.79,1.89
902,181,Betfair,1.51,3.41,4.92,1.95,2.01
903,181,Pinnacle,3.77,3.13,1.62,1.79,2.12
904,181,William Hill,2.02,3.3,5.75,2.07,2.07
905,181,Ladbrokes,2.53,3.48,2.71,1.85,1.82
906,182,Bet365,5.65,3.68,1.95,1.83,1.84
907,182,Betfair,4.59,3.51,1.66,1.82,1.84
908,182,Pinnacle,1.94,3.42,4.34,2.04,1.85
909,182,William Hill,2.1,3.15,4.08,2.08,2.11
910,182,Ladbrokes,2.09,3.51,4.11,1.73,1.88
911,183,Bet365,2.65,3.05,2.63,1.68,1.78
912,183,Betfair,1.63,3.0,3.95,1.74,1.97
913,183,Pinnacle,1.94,3.51,4.16,1.98,2.03
914,183,William Hill,3.96,3.76,1.63,1.9,1.93
915,183,Ladbrokes,4.52,3.6,1.52,1.85,1.91
916,184,Bet365,5.44,3.48,2.11,2.06,1.83
917,184,Betfair,5.51,3.24,2.01,1.82,1.82
918,184,Pinnacle,1.71,3.43,4.73,1.74,2.0
919,184,William Hill,3.91,3.67,2.05,1.94,2.17
920,184,Ladbrokes,3.8,3.01,1.89,1.83,1.64
921,185,Bet365,2.33,3.03,2.7,1.89,1.98
922,185,Betfair,3.14,3.02,2.21,2.16,2.17
923,185,Pinnacle,2.33,3.22,2.57,1.91,1.64
924,185,William Hill,1.73,3.56,3.53,1.82,2.02
925,185,Ladbrokes,3.83,3.73,1.97,1.69,2.01
926,186,Bet365,2.48,3.34,2.83,2.17,2.05
927,186,Betfair,1.7,3.56,3.68,2.03,1.85
928,186,Pinnacle,5.31,3.1,1.56,1.99,1.85
929,186,William Hill,2.58,3.11,2.79,1.8,1.81
930,186,Ladbrokes,4.15,3.43,1.9,2.05,1.94
931,187,Bet365,5.62,3.58,2.0,1.72,2.09
932,187,Betfair,2.25,3.27,2.91,1.98,2.08
933,187,Pinnacle,1.64,3.79,4.32,1.89,2.12
934,187,William Hill,2.19,3.68,5.48,1.8,1.99
935,187,Ladbrokes,5.58,3.58,1.66,2.07,2.06
936,188,Bet365,2.15,3.19,4.38,2.2,2.17
937,188,Betfair,5.73,3.61,2.17,2.02,1.63
938,188,Pinnacle,4.84,3.07,1.58,1.78,1.7
939,188,William Hill,3.85,3.68,2.17,1.9,1.72
940,188,Ladbrokes,5.11,3.71,2.03,1.63,2.16
941,189,Bet365,2.12,3.44,4.11,1.86,1.82
942,189,Betfair,3.1,3.48,3.1,1.88,2.04
943,189,Pinnacle,2.47,3.3,3.05,1.79,2.16
944,189,William Hill,5.42,3.66,2.07,1.71,1.6
945,189,Ladbrokes,2.87,3.08,2.55,2.13,1.86
946,190,Bet365,2.68,3.11,3.18,2.17,2.08
947,190,Betfair,1.87,3.28,5.96,1.8,2.14
948,190,Pinnacle,2.76,3.03,2.92,1.78,1.78
949,190,William Hill,1.58,3.27,4.43,2.16,2.09
950,190,Ladbrokes,1.7,3.38,4.94,1.92,2.16
951,191,Bet365,4.45,3.71,2.09,1.85,1.76
952,191,Betfair,1.64,3.51,4.47,1.76,1.69
953,191,Pinnacle,3.77,3.28,1.91,1.95,1.82
954,191,William Hill,5.39,3.11,1.62,1.72,1.86
955,191,Ladbrokes,2.51,3.48,3.16,1.99,1.89
956,192,Bet365,3.99,3.2,2.1,2.07,1.62
957,192,Betfair,1.55,3.78,3.53,1.95,1.87
958,192,Pinnacle,3.56,3.1,1.6,1.77,1.93
959,192,William Hill,2.29,3.4,2.77,1.63,1.99
960,192,Ladbrokes,4.4,3.75,1.74,1.99,1.81
961,193,Bet365,1.79,3.47,3.98,2.15,1.62
962,193,Betfair,2.67,3.4,3.1,1.96,1.99
963,193,Pinnacle,1.72,3.07,5.63,1.98,1.98
964,193,William Hill,4.84,3.65,1.99,2.04,1.64
965,193,Ladbrokes,2.92,3.4,2.61,2.03,1.86
966,194,Bet365,2.13,3.23,5.74,1.9,1.77
967,194,Betfair,5.7,3.56,1.85,1.71,1.8
968,194,Pinnacle,1.82,3.27,4.41,1.86,1.83
969,194,William Hill,4.89,3.45,1.87,1.85,2.15
970,194,Ladbrokes,2.4,3.48,2.33,1.86,1.69
971,195,Bet365,1.98,3.24,3.96,2.14,2.14
972,195,Betfair,5.98,3.48,2.16,1.63,1.88
973,195,Pinnacle,2.13,3.15,3.58,1.71,1.74
974,195,William Hill,1.51,3.37,3.85,1.81,1.75
975,195,Ladbrokes,1.71,3.57,5.77,2.15,1.92
976,196,Bet365,4.41,3.23,2.17,2.06,1.98
977,196,Betfair,2.01,3.68,5.09,2.05,1.93
978,196,Pinnacle,2.18,3.12,4.44,1.89,1.62
979,196,William Hill,1.96,3.18,3.93,1.92,2.13
980,196,Ladbrokes,2.62,3.02,2.7,1.61,1.7
981,197,Bet365,3.02,3.24,2.89,1.95,1.61
982,197,Betfair,3.99,3.73,1.73,1.61,1.97
983,197,Pinnacle,1.57,3.39,5.61,1.62,1.93
984,197,William Hill,2.05,3.66,4.02,1.72,1.93
985,197,Ladbrokes,5.97,3.21,1.83,1.76,2.0
986,198,Bet365,2.48,3.18,3.12,1.82,2.08
987,198,Betfair,1.85,3.2,5.2,1.77,2.17
988,198,Pinnacle,2.0,3.58,5.82,1.9,1.86
989,198,William Hill,1.97,3.72,4.58,2.08,2.04
990,198,Ladbrokes,4.56,3.49,1.8,2.19,2.06
991,199,Bet365,4.87,3.11,1.74,2.15,1.69
992,199,Betfair,1.74,3.34,4.8,1.74,1.7
993,199,Pinnacle,1.88,3.49,5.06,1.88,2.17
994,199,William Hill,3.68,3.34,1.97,2.18,2.17
995,199,Ladbrokes,5.87,3.65,2.06,1.64,2.02
996,200,Bet365,5.42,3.51,1.53,2.11,2.02
997,200,Betfair,2.81,3.08,2.65,2.03,1.62
998,200,Pinnacle,1.81,3.65,4.02,2.01,2.19
999,200,William Hill,2.36,3.18,2.72,1.82,2.14
1000,200,Ladbrokes,2.86,3.18,2.74,2.07,1.69
1001,201,Bet365,5.21,3.18,1.67,2.01,1.61
1002,201,Betfair,3.17,3.13,3.15,1.75,1.78
1003,201,Pinnacle,2.33,3.23,2.36,2.07,2.02
1004,201,William Hill,4.47,3.62,1.55,1.68,1.79
1005,201,Ladbrokes,1.84,3.03,5.0,1.84,1.67
1006,202,Bet365,2.74,3.1,3.17,1.77,1.88
1007,202,Betfair,1.53,3.04,6.0,1.6,2.16
1008,202,Pinnacle,1.85,3.54,3.91,1.83,1.72
1009,202,William Hill,2.39,3.05,2.6,2.02,2.06
1010,202,Ladbrokes,3.82,3.01,2.12,2.02,1.91
1011,203,Bet365,1.76,3.56,5.24,1.74,1.81
1012,203,Betfair,5.69,3.65,2.07,2.04,2.06
1013,203,Pinnacle,1.97,3.48,3.78,1.78,1.8
1014,203,William Hill,2.05,3.12,4.7,1.79,2.08
1015,203,Ladbrokes,2.89,3.27,2.72,2.05,2.05
1016,204,Bet365,3.14,3.32,2.31,1.66,1.65
1017,204,Betfair,5.56,3.7,1.7,1.73,2.18
1018,204,Pinnacle,1.5,3.43,5.23,1.75,1.77
1019,204,William Hill,4.61,3.04,1.87,1.7,2.15
1020,204,Ladbrokes,2.2,3.74,5.34,1.87,2.0
1021,205,Bet365,1.66,3.31,5.14,1.8,1.64
1022,205,Betfair,5.9,3.67,2.02,2.04,2.16
1023,205,Pinnacle,1.65,3.7,5.02,1.98,1.6
1024,205,William Hill,1.85,3.74,4.98,1.87,1.71
1025,205,Ladbrokes,3.13,3.01,2.46,1.8,2.0
1026,206,Bet365,2.46,3.3,2.99,1.87,1.97
1027,206,Betfair,2.05,3.45,5.72,1.79,1.67
1028,206,Pinnacle,4.12,3.38,2.19,2.16,2.04
1029,206,William Hill,5.67,3.55,2.08,1.89,1.76
1030,206,Ladbrokes,3.13,3.14,2.83,2.17,2.1
1031,207,Bet365,2.49,3.01,2.68,2.04,1.86
1032,207,Betfair,1.85,3.28,5.67,1.91,1.89
1033,207,Pinnacle,2.91,3.31,2.82,2.03,2.14
1034,207,William Hill,1.87,3.12,5.16,2.07,1.89
1035,207,Ladbrokes,5.14,3.02,1.88,1.74,1.61
1036,208,Bet365,1.73,3.8,5.16,1.91,1.69
1037,208,Betfair,2.7,3.34,3.02,1.61,1.79
1038,208,Pinnacle,2.18,3.25,4.65,2.12,1.7
1039,208,William Hill,4.14,3.59,2.19,1.62,1.96
1040,208,Ladbrokes,2.44,3.21,2.43,2.04,1.93
1041,209,Bet365,5.73,3.62,2.2,2.1,1.69
1042,209,Betfair,4.7,3.63,1.88,1.96,1.86
1043,209,Pinnacle,1.73,3.41,5.74,2.12,2.11
1044,209,William Hill,2.31,3.25,2.73,1.74,1.89
1045,209,Ladbrokes,2.72,3.41,2.7,2.06,1.88
1046,210,Bet365,2.31,3.45,2.56,1.98,1.83
1047,210,Betfair,1.72,3.26,4.83,1.86,1.8
1048,210,Pinnacle,1.89,3.07,5.22,1.67,1.86
1049,210,William Hill,5.86,3.3,1.93,1.7,1.77
1050,210,Ladbrokes,5.53,3.1,1.99,1.69,1.82
1051,211,Bet365,5.77,3.06,1.54,2.04,2.15
1052,211,Betfair,3.54,3.15,2.17,1.79,1.76
1053,211,Pinnacle,2.79,3.18,2.68,1.71,2.04
1054,211,William Hill,4.37,3.35,1.59,1.6,1.72
1055,211,Ladbrokes,1.7,3.71,4.97,1.9,1.67
1056,212,Bet365,3.73,3.77,2.03,1.78,2.06
1057,212,Betfair,3.55,3.62,2.04,2.1,1.68
1058,212,Pinnacle,2.29,3.26,2.49,1.95,1.87
1059,212,William Hill,5.4,3.24,2.15,2.07,1.82
1060,212,Ladbrokes,4.19,3.78,1.67,2.04,2.0
1061,213,Bet365,2.98,3.49,2.73,1.95,1.78
1062,213,Betfair,1.96,3.7,4.45,1.95,1.6
1063,213,Pinnacle,5.96,3.4,1.68,2.19,1.62
1064,213,William Hill,1.76,3.55,5.06,1.68,1.66
1065,213,Ladbrokes,2.12,3.58,4.28,1.92,1.61
1066,214,Bet365,3.97,3.22,1.73,2.16,2.19
1067,214,Betfair,5.42,3.08,1.73,2.03,2.19
1068,214,Pinnacle,5.52,3.01,1.98,2.08,1.6
1069,214,William Hill,5.13,3.39,2.02,1.78,1.64
1070,214,Ladbrokes,4.16,3.04,2.14,1.79,2.1
1071,215,Bet365,5.71,3.19,1.79,2.19,2.06
1072,215,Betfair,1.84,3.66,4.21,1.65,2.03
1073,215,Pinnacle,3.06,3.01,3.03,1.85,1.61
1074,215,William Hill,1.68,3.55,5.93,2.17,1.8
1075,215,Ladbrokes,2.05,3.67,5.69,1.69,1.67
1076,216,Bet365,4.04,3.5,1.86,2.18,1.65
1077,216,Betfair,5.03,3.38,1.97,1.91,2.19
1078,216,Pinnacle,5.68,3.44,2.04,1.95,1.98
1079,216,William Hill,5.7,3.19,1.82,1.87,2.18
1080,216,Ladbrokes,5.04,3.66,1.57,1.93,2.18
1081,217,Bet365,4.79,3.61,1.54,2.0,1.61
1082,217,Betfair,1.98,3.45,3.55,1.97,1.84
1083,217,Pinnacle,4.92,3.72,1.86,1.96,1.76
1084,217,William Hill,2.13,3.43,4.93,1.92,1.74
1085,217,Ladbrokes,2.09,3.55,4.04,1.85,1.95
1086,218,Bet365,1.55,3.43,4.24,2.06,1.6
1087,218,Betfair,4.49,3.28,2.08,2.02,1.73
1088,218,Pinnacle,4.1,3.42,2.1,1.77,1.95
1089,218,William Hill,2.48,3.16,2.73,2.15,1.98
1090,218,Ladbrokes,1.84,3.54,5.11,1.88,1.92
1091,219,Bet365,4.11,3.25,1.55,1.71,2.13
1092,219,Betfair,4.11,3.14,1.85,2.14,1.61
1093,219,Pinnacle,5.42,3.56,1.79,2.16,1.92
1094,219,William Hill,2.89,3.29,2.93,1.96,1.93
1095,219,Ladbrokes,2.25,3.32,2.54,1.96,1.89
1096,220,Bet365,5.79,3.63,2.06,2.17,2.2
1097,220,Betfair,2.52,3.41,2.23,1.8,1.76
1098,220,Pinnacle,3.52,3.26,2.1,2.17,2.13
1099,220,William Hill,5.89,3.13,1.76,1.92,1.73
1100,220,Ladbrokes,5.72,3.38,1.84,1.97,1.85
1101,221,Bet365,3.19,3.42,2.22,1.95,2.01
1102,221,Betfair,4.87,3.52,1.63,1.87,1.85
1103,221,Pinnacle,1.98,3.77,4.57,1.74,1.87
1104,221,William Hill,2.02,3.13,4.75,1.63,2.02
1105,221,Ladbrokes,4.79,3.56,1.95,2.16,1.82
1106,222,Bet365,2.9,3.09,2.55,2.09,2.12
1107,222,Betfair,1.72,3.63,5.98,1.77,1.71
1108,222,Pinnacle,5.25,3.2,1.55,1.79,1.82
1109,222,William Hill,4.79,3.23,2.18,2.02,2.16
1110,222,Ladbrokes,5.82,3.56,1.74,2.2,1.87
1111,223,Bet365,1.95,3.09,4.16,1.74,1.97
1112,223,Betfair,1.84,3.5,5.44,1.74,2.13
1113,223,Pinnacle,5.98,3.52,1.69,1.92,1.89
1114,223,William Hill,2.62,3.34,3.03,1.77,2.19
1115,223,Ladbrokes,2.5,3.29,2.76,1.73,2.0
1116,224,Bet365,2.14,3.13,5.83,2.17,1.83
1117,224,Betfair,1.96,3.7,4.18,1.6,2.07
1118,224,Pinnacle,3.79,3.14,1.82,1.96,2.05
1119,224,William Hill,5.61,3.2,1.92,1.72,2.0
1120,224,Ladbrokes,5.33,3.38,1.95,1.92,1.7
1121,225,Bet365,2.03,3.13,3.52,1.69,1.85
1122,225,Betfair,2.05,3.44,4.11,1.66,1.83
1123,225,Pinnacle,4.1,3.22,1.65,1.92,2.1
1124,225,William Hill,1.68,3.1,4.65,1.89,1.84
1125,225,Ladbrokes,5.6,3.14,1.93,1.96,2.1
1126,226,Bet365,5.57,3.21,1.81,1.76,1.72
1127,226,Betfair,5.11,3.55,2.03,1.91,1.99
1128,226,Pinnacle,2.45,3.43,2.76,2.09,1.71
1129,226,William Hill,1.97,3.03,4.11,1.8,1.81
1130,226,Ladbrokes,2.5,3.46,2.9,1.99,1.85
1131,227,Bet365,1.94,3.11,4.86,2.07,1.64
1132,227,Betfair,4.06,3.49,2.18,1.79,2.14
1133,227,Pinnacle,2.88,3.01,2.35,2.04,1.79
1134,227,William Hill,3.64,3.37,1.53,1.9,1.63
1135,227,Ladbrokes,2.66,3.0,2.67,1.88,2.1
1136,228,Bet365,4.75,3.69,1.75,2.01,2.13
1137,228,Betfair,5.27,3.69,2.15,1.84,2.0
1138,228,Pinnacle,2.06,3.44,4.17,2.09,2.11
1139,228,William Hill,5.08,3.45,1.56,2.13,1.79
1140,228,Ladbrokes,3.79,3.69,1.58,1.63,2.12
1141,229,Bet365,2.47,3.34,2.44,2.11,2.02
1142,229,Betfair,5.22,3.64,1.7,1.77,1.67
1143,229,Pinnacle,4.5,3.72,1.95,1.95,2.18
1144,229,William Hill,5.66,3.69,1.67,2.1,1.95
1145,229,Ladbrokes,1.81,3.5,5.97,1.9,2.04
1146,230,Bet365,5.55,3.21,2.1,1.82,1.63
1147,230,Betfair,5.29,3.31,1.71,1.98,1.91
1148,230,Pinnacle,2.16,3.04,3.87,1.67,2.1
1149,230,William Hill,2.7,3.43,2.38,1.86,2.18
1150,230,Ladbrokes,5.53,3.5,2.03,1.79,1.94
1151,231,Bet365,2.94,3.45,2.59,1.64,2.11
1152,231,Betfair,2.47,3.46,2.6,1.7,2.14
1153,231,Pinnacle,2.92,3.21,2.97,1.96,2.1
1154,231,William Hill,2.17,3.49,4.17,1.91,1.86
1155,231,Ladbrokes,5.35,3.36,1.96,2.17,1.63
1156,232,Bet365,2.32,3.22,3.2,1.85,2.16
1157,232,Betfair,4.38,3.11,2.12,2.09,1.84
1158,232,Pinnacle,4.03,3.13,2.05,1.89,1.85
1159,232,William Hill,4.23,3.7,1.75,2.13,1.65
1160,232,Ladbrokes,1.65,3.27,4.5,1.78,2.04
1161,233,Bet365,2.22,3.16,2.57,1.61,1.73
1162,233,Betfair,5.97,3.13,1.69,2.18,2.07
1163,233,Pinnacle,5.49,3.73,2.13,1.88,2.0
1164,233,William Hill,4.87,3.2,1.84,1.71,1.84
1165,233,Ladbrokes,4.13,3.63,1.92,1.93,1.98
1166,234,Bet365,2.32,3.47,3.19,1.91,1.87
1167,234,Betfair,2.29,3.01,2.68,1.91,1.98
1168,234,Pinnacle,1.68,3.39,4.51,2.06,1.78
1169,234,William Hill,2.08,3.61,4.0,1.85,1.68
1170,234,Ladbrokes,1.8,3.5,4.2,1.84,1.69
1171,235,Bet365,2.21,3.31,2.97,1.7,1.91
1172,235,Betfair,2.33,3.43,2.5,2.13,1.78
1173,235,Pinnacle,2.44,3.14,2.96,1.92,1.99
1174,235,William Hill,2.61,3.25,2.72,1.81,1.89
1175,235,Ladbrokes,3.72,3.35,2.04,1.68,1.99
1176,236,Bet365,2.57,3.39,2.83,1.7,1.84
1177,236,Betfair,1.98,3.36,4.85,1.87,1.83
1178,236,Pinnacle,1.93,3.02,3.89,1.9,1.82
1179,236,William Hill,2.6,3.39,3.07,1.77,1.71
1180,236,Ladbrokes,2.03,3.7,5.93,1.91,2.19
1181,237,Bet365,2.94,3.24,3.09,2.14,2.19
1182,237,Betfair,2.75,3.4,2.4,1.63,1.9
1183,237,Pinnacle,2.53,3.41,2.98,1.93,1.68
1184,237,William Hill,1.7,3.42,4.98,1.97,1.62
1185,237,Ladbrokes,4.68,3.29,2.09,1.99,1.9
1186,238,Bet365,2.85,3.21,2.53,2.04,1.98
1187,238,Betfair,2.18,3.02,4.73,1.78,1.99
1188,238,Pinnacle,1.68,3.07,4.58,1.69,1.99
1189,238,William Hill,2.26,3.46,2.69,1.67,1.8
1190,238,Ladbrokes,1.52,3.05,5.19,1.97,1.64
1191,239,Bet365,4.98,3.45,2.07,1.91,1.95
1192,239,Betfair,1.76,3.53,5.41,2.17,1.95
1193,239,Pinnacle,5.49,3.7,1.61,2.19,2.06
1194,239,William Hill,5.1,3.2,1.71,1.92,1.74
1195,239,Ladbrokes,2.61,3.31,2.61,2.07,2.19
1196,240,Bet365,2.74,3.35,2.26,1.75,1.67
1197,240,Betfair,1.91,3.57,5.59,1.81,1.67
1198,240,Pinnacle,2.01,3.31,4.15,1.85,1.85
1199,240,William Hill,2.35,3.16,2.85,2.13,1.82
1200,240,Ladbrokes,2.61,3.47,2.73,1.69,1.64
1201,241,Bet365,2.3,3.45,3.05,1.62,1.68
1202,241,Betfair,2.19,3.21,5.46,1.67,2.06
1203,241,Pinnacle,2.01,3.43,5.45,2.07,1.77
1204,241,William Hill,2.2,3.09,2.79,1.69,2.1
1205,241,Ladbrokes,5.92,3.5,1.89,1.66,1.67
1206,242,Bet365,2.67,3.36,2.82,1.65,1.82
1207,242,Betfair,4.6,3.4,1.92,1.91,1.77
1208,242,Pinnacle,1.71,3.72,5.19,1.79,1.73
1209,242,William Hill,2.75,3.27,2.32,1.61,2.06
1210,242,Ladbrokes,5.82,3.55,1.98,1.82,1.93
1211,243,Bet365,1.97,3.17,3.94,1.92,2.15
1212,243,Betfair,5.68,3.28,2.02,1.95,2.08
1213,243,Pinnacle,2.2,3.79,5.81,1.7,1.69
1214,243,William Hill,1.8,3.44,3.53,2.2,2.14
1215,243,Ladbrokes,5.71,3.28,1.67,1.82,1.94
1216,244,Bet365,1.61,3.72,4.87,1.66,2.09
1217,244,Betfair,2.99,3.17,2.51,1.86,1.9
1218,244,Pinnacle,4.73,3.41,1.89,1.95,1.69
1219,244,William Hill,2.52,3.19,2.53,1.79,1.65
1220,244,Ladbrokes,1.95,3.42,5.07,1.78,1.78
1221,245,Bet365,1.93,3.35,4.25,1.81,2.1
1222,245,Betfair,2.83,3.23,2.54,2.16,2.09
1223,245,Pinnacle,1.85,3.04,4.8,1.92,1.94
1224,245,William Hill,1.88,3.37,5.2,2.17,1.67
1225,245,Ladbrokes,1.62,3.02,4.48,1.8,1.92
1226,246,Bet365,2.73,3.28,2.77,1.84,1.83
1227,246,Betfair,2.8,3.34,2.81,2.03,1.99
1228,246,Pinnacle,2.45,3.39,2.9,2.08,2.0
1229,246,William Hill,5.28,3.12,1.78,2.16,1.77
1230,246,Ladbrokes,1.84,3.68,4.81,1.82,1.92
1231,247,Bet365,3.13,3.15,2.91,2.07,1.98
1232,247,Betfair,4.86,3.21,1.9,1.9,2.02
1233,247,Pinnacle,5.06,3.33,1.5,2.14,1.65
1234,247,William Hill,2.55,3.01,2.98,2.2,1.94
1235,247,Ladbrokes,1.8,3.09,5.99,1.82,2.01
1236,248,Bet365,2.58,3.36,2.73,1.98,1.72
1237,248,Betfair,4.96,3.75,1.98,2.01,2.07
1238,248,Pinnacle,5.32,3.37,1.64,2.0,1.98
1239,248,William Hill,2.1,3.44,4.32,1.81,2.09
1240,248,Ladbrokes,1.91,3.48,5.32,2.13,2.17
1241,249,Bet365,5.85,3.67,1.85,1.66,1.68
1242,249,Betfair,2.7,3.01,3.12,1.66,1.9
1243,249,Pinnacle,5.44,3.41,1.8,2.13,1.79
1244,249,William Hill,5.94,3.27,1.98,2.03,2.05
1245,249,Ladbrokes,3.07,3.49,2.96,1.83,1.88
1246,250,Bet365,1.75,3.29,5.22,1.62,1.84
1247,250,Betfair,4.95,3.79,1.53,1.76,1.86
1248,250,Pinnacle,1.73,3.06,5.74,1.8,1.82
1249,250,William Hill,2.3,3.25,3.05,1.77,1.93
1250,250,Ladbrokes,5.98,3.71,2.08,1.73,2.18
1251,251,Bet365,4.05,3.21,1.98,1.87,2.01
1252,251,Betfair,5.1,3.68,1.62,1.72,1.99
1253,251,Pinnacle,5.63,3.14,2.08,1.64,1.91
1254,251,William Hill,3.52,3.32,1.61,2.09,2.14
1255,251,Ladbrokes,2.05,3.0,3.88,1.67,2.09
1256,252,Bet365,5.06,3.69,2.07,1.86,1.91
1257,252,Betfair,2.46,3.27,2.21,1.77,2.16
1258,252,Pinnacle,2.46,3.31,2.74,1.73,2.07
1259,252,William Hill,4.45,3.18,2.12,1.69,2.05
1260,252,Ladbrokes,4.34,3.62,2.05,2.16,1.92
1261,253,Bet365,4.41,3.2,1.87,1.61,1.9
1262,253,Betfair,5.1,3.45,2.11,1.96,1.83
1263,253,Pinnacle,2.85,3.36,3.11,2.19,2.02
1264,253,William Hill,2.25,3.05,2.71,2.02,2.01
1265,253,Ladbrokes,4.77,3.15,2.11,1.93,1.91
1266,254,Bet365,5.01,3.18,1.98,1.96,1.99
1267,254,Betfair,1.6,3.06,5.35,1.93,1.84
1268,254,Pinnacle,2.9,3.3,2.8,2.11,1.67
1269,254,William Hill,1.74,3.41,5.05,1.9,2.19
1270,254,Ladbrokes,2.65,3.09,2.56,2.06,2.0
1271,255,Bet365,4.19,3.67,2.14,1.77,1.73
1272,255,Betfair,5.95,3.75,1.87,2.19,1.82
1273,255,Pinnacle,5.53,3.32,1.75,2.18,1.98
1274,255,William Hill,2.97,3.01,2.77,2.14,1.82
1275,255,Ladbrokes,3.56,3.4,1.62,1.95,1.92
1276,256,Bet365,3.51,3.46,1.75,1.98,2.06
1277,256,Betfair,2.31,3.03,2.85,1.7,1.88
1278,256,Pinnacle,2.79,3.42,2.84,1.91,1.99
1279,256,William Hill,1.98,3.38,3.74,1.69,1.76
1280,256,Ladbrokes,5.13,3.41,2.1,2.12,1.7
1281,257,Bet365,5.04,3.18,2.06,1.76,1.73
1282,257,Betfair,4.57,3.37,2.05,1.92,1.76
1283,257,Pinnacle,4.59,3.72,1.53,2.13,1.92
1284,257,William Hill,1.56,3.2,5.67,1.67,1.61
1285,257,Ladbrokes,1.53,3.3,3.66,2.18,2.19
1286,258,Bet365,4.07,3.41,1.97,1.97,1.95
1287,258,Betfair,2.18,3.37,4.48,1.7,1.86
1288,258,Pinnacle,5.12,3.78,1.81,1.63,1.81
1289,258,William Hill,4.41,3.52,1.93,1.76,1.74
1290,258,Ladbrokes,1.75,3.14,4.45,1.72,1.8
1291,259,Bet365,5.85,3.51,1.66,1.87,2.1
1292,259,Betfair,2.89,3.01,2.22,1.65,1.76
1293,259,Pinnacle,2.02,3.57,4.37,2.03,1.83
1294,259,William Hill,5.77,3.44,1.59,1.97,1.61
1295,259,Ladbrokes,1.63,3.7,4.26,1.6,2.18
1296,260,Bet365,2.77,3.37,2.79,2.16,2.14
1297,260,Betfair,5.46,3.47,2.06,1.75,2.0
1298,260,Pinnacle,5.54,3.15,1.51,1.6,1.86
1299,260,William Hill,4.99,3.45,1.79,1.97,1.81
1300,260,Ladbrokes,2.26,3.42,2.38,1.84,2.15
1301,261,Bet365,2.53,3.09,2.79,2.08,1.62
1302,261,Betfair,2.75,3.16,2.86,1.63,1.63
1303,261,Pinnacle,1.84,3.22,5.06,2.11,1.66
1304,261,William Hill,2.19,3.1,4.58,2.2,1.67
1305,261,Ladbrokes,3.79,3.56,1.76,2.13,1.84
1306,262,Bet365,1.66,3.06,5.49,2.01,1.89
1307,262,Betfair,5.09,3.39,2.07,1.74,1.65
1308,262,Pinnacle,1.56,3.72,3.5,1.75,2.04
1309,262,William Hill,1.98,3.21,3.52,1.78,1.94
1310,262,Ladbrokes,5.36,3.33,2.14,1.67,1.68
1311,263,Bet365,1.53,3.45,4.51,1.85,1.76
1312,263,Betfair,2.03,3.47,3.93,1.98,1.88
1313,263,Pinnacle,4.17,3.51,1.98,1.71,2.01
1314,263,William Hill,2.17,3.25,4.63,2.16,1.82
1315,263,Ladbrokes,2.06,3.06,4.17,1.92,1.68
1316,264,Bet365,1.51,3.34,5.23,1.93,2.03
1317,264,Betfair,5.31,3.69,1.78,2.17,2.12
1318,264,Pinnacle,2.74,3.48,2.33,1.63,1.79
1319,264,William Hill,4.73,3.05,1.69,1.7,1.64
1320,264,Ladbrokes,3.12,3.35,3.16,2.06,1.97
1321,265,Bet365,1.56,3.62,4.86,1.92,1.69
1322,265,Betfair,2.8,3.06,2.96,1.62,1.85
1323,265,Pinnacle,4.22,3.66,1.53,1.99,1.98
1324,265,William Hill,2.62,3.4,2.95,1.72,2.1
1325,265,Ladbrokes,3.81,3.3,1.85,1.83,2.08
1326,266,Bet365,5.29,3.21,1.67,1.74,1.83
1327,266,Betfair,3.95,3.45,1.62,1.62,2.15
1328,266,Pinnacle,4.22,3.4,1.81,1.69,1.92
1329,266,William Hill,2.59,3.24,2.26,1.74,2.05
1330,266,Ladbrokes,5.86,3.79,1.79,1.9,1.67
1331,267,Bet365,2.85,3.32,2.6,1.79,1.96
1332,267,Betfair,3.12,3.06,2.92,2.02,1.83
1333,267,Pinnacle,2.87,3.12,2.64,2.07,1.83
1334,267,William Hill,5.17,3.08,2.18,2.13,2.01
1335,267,Ladbrokes,2.31,3.28,3.17,1.97,1.91
1336,268,Bet365,1.92,3.24,3.67,1.71,2.0
1337,268,Betfair,3.78,3.07,2.19,1.89,2.08
1338,268,Pinnacle,4.88,3.09,1.99,1.66,2.06
1339,268,William Hill,2.22,3.08,2.59,2.03,1.92
1340,268,Ladbrokes,4.62,3.74,1.82,1.72,1.87
1341,269,Bet365,1.66,3.13,5.97,1.79,1.71
1342,269,Betfair,2.88,3.35,2.52,1.78,1.86
1343,269,Pinnacle,2.46,3.33,2.53,1.95,2.19
1344,269,William Hill,2.19,3.36,3.54,2.05,1.76
1345,269,Ladbrokes,5.28,3.17,1.79,2.11,1.71
1346,270,Bet365,4.54,3.74,2.09,1.62,1.73
1347,270,Betfair,3.01,3.08,3.09,1.8,2.06
1348,270,Pinnacle,4.04,3.58,1.86,1.74,1.97
1349,270,William Hill,2.47,3.39,2.59,1.82,1.8
1350,270,Ladbrokes,4.07,3.33,1.91,1.96,1.82
1351,271,Bet365,2.08,3.63,4.3,1.91,1.9
1352,271,Betfair,4.12,3.64,1.92,1.73,2.04
1353,271,Pinnacle,1.66,3.23,4.39,1.62,2.06
1354,271,William Hill,2.22,3.31,2.54,1.84,2.06
1355,271,Ladbrokes,2.84,3.23,2.68,1.74,1.6
1356,272,Bet365,5.02,3.71,1.77,2.13,1.87
1357,272,Betfair,3.17,3.39,2.44,1.85,1.87
1358,272,Pinnacle,1.75,3.08,5.91,2.12,1.87
1359,272,William Hill,2.18,3.8,4.96,1.65,1.8
1360,272,Ladbrokes,2.03,3.1,5.62,1.62,2.15
1361,273,Bet365,1.8,3.12,5.6,1.64,2.03
1362,273,Betfair,5.91,3.41,2.17,1.87,1.63
1363,273,Pinnacle,2.33,3.48,3.19,1.75,2.03
1364,273,William Hill,2.18,3.72,4.52,2.04,1.87
1365,273,Ladbrokes,2.16,3.75,4.5,2.12,1.78
1366,274,Bet365,1.83,3.29,4.85,1.9,2.05
1367,274,Betfair,5.39,3.01,1.63,1.8,1.76
1368,274,Pinnacle,2.58,3.12,3.06,1.6,1.83
1369,274,William Hill,2.11,3.41,3.65,1.71,2.1
1370,274,Ladbrokes,5.13,3.64,2.19,1.69,1.65
1371,275,Bet365,5.78,3.41,1.76,2.02,1.62
1372,275,Betfair,2.07,3.26,4.52,2.11,2.2
1373,275,Pinnacle,2.21,3.48,2.67,2.14,1.72
1374,275,William Hill,4.01,3.23,2.05,1.73,1.78
1375,275,Ladbrokes,2.12,3.78,5.54,2.17,1.64
1376,276,Bet365,3.62,3.13,1.58,2.14,2.19
1377,276,Betfair,2.79,3.41,3.06,2.12,2.14
1378,276,Pinnacle,5.0,3.63,1.55,2.16,2.06
1379,276,William Hill,4.6,3.09,2.03,1.63,1.91
1380,276,Ladbrokes,2.26,3.1,3.01,2.12,1.71
1381,277,Bet365,4.0,3.29,1.55,1.61,1.64
1382,277,Betfair,1.79,3.11,4.12,1.89,2.11
1383,277,Pinnacle,2.5,3.06,2.79,2.11,1.72
1384,277,William Hill,1.72,3.62,5.72,2.05,1.75
1385,277,Ladbrokes,2.15,3.73,5.73,2.03,1.9
1386,278,Bet365,3.62,3.26,1.98,1.75,2.16
1387,278,Betfair,2.66,3.33,2.94,1.96,1.88
1388,278,Pinnacle,5.35,3.74,1.8,1.69,2.18
1389,278,William Hill,2.73,3.22,2.94,1.81,2.06
1390,278,Ladbrokes,1.94,3.53,4.89,1.65,2.11
1391,279,Bet365,4.67,3.53,1.72,1.62,1.66
1392,279,Betfair,3.05,3.25,2.75,1.67,1.82
1393,279,Pinnacle,1.62,3.67,3.69,2.16,1.9
1394,279,William Hill,1.55,3.05,4.88,1.71,1.89
1395,279,Ladbrokes,1.54,3.43,5.8,2.17,2.0
1396,280,Bet365,3.19,3.05,2.79,2.16,1.75
1397,280,Betfair,5.98,3.6,2.12,1.67,1.66
1398,280,Pinnacle,1.72,3.16,5.61,1.91,2.15
1399,280,William Hill,2.02,3.09,5.14,1.62,1.75
1400,280,Ladbrokes,2.91,3.21,3.18,2.07,2.18
1401,281,Bet365,2.56,3.29,2.47,2.16,1.81
1402,281,Betfair,2.97,3.45,2.88,2.15,2.14
1403,281,Pinnacle,5.16,3.14,1.51,2.17,2.17
1404,281,William Hill,3.66,3.29,2.08,1.92,1.76
1405,281,Ladbrokes,1.94,3.15,5.95,1.99,2.02
1406,282,Bet365,4.19,3.22,2.05,1.66,1.73
1407,282,Betfair,2.82,3.43,2.24,2.15,1.98
1408,282,Pinnacle,2.88,3.21,3.07,2.04,1.89
1409,282,William Hill,3.17,3.11,2.46,1.81,1.97
1410,282,Ladbrokes,2.11,3.29,5.61,1.66,2.14
1411,283,Bet365,4.71,3.33,2.18,2.19,1.68
1412,283,Betfair,4.74,3.17,1.77,1.8,2.12
1413,283,Pinnacle,2.63,3.14,2.81,1.92,2.04
1414,283,William Hill,3.72,3.56,1.84,1.96,1.62
1415,283,Ladbrokes,4.22,3.13,2.08,1.73,2.14
1416,284,Bet365,1.54,3.71,3.89,1.85,2.1
1417,284,Betfair,4.35,3.47,1.92,1.63,1.99
1418,284,Pinnacle,1.57,3.39,4.32,1.81,2.18
1419,284,William Hill,1.99,3.26,3.9,2.2,2.12
1420,284,Ladbrokes,1.73,3.33,5.11,1.62,1.89
1421,285,Bet365,1.69,3.52,4.26,1.64,2.04
1422,285,Betfair,4.04,3.06,1.99,1.68,1.72
1423,285,Pinnacle,3.58,3.51,1.91,2.18,1.93
1424,285,William Hill,2.63,3.21,2.51,2.04,1.66
1425,285,Ladbrokes,5.43,3.39,1.57,2.01,1.84
1426,286,Bet365,5.99,3.36,2.15,1.62,1.73
1427,286,Betfair,1.82,3.49,4.37,1.86,2.14
1428,286,Pinnacle,2.63,3.41,2.37,1.78,1.65
1429,286,William Hill,5.93,3.47,1.69,1.74,1.71
1430,286,Ladbrokes,2.02,3.68,5.0,2.14,1.85
1431,287,Bet365,2.11,3.53,3.89,1.77,2.06
1432,287,Betfair,3.7,3.34,1.64,2.19,1.62
1433,287,Pinnacle,1.66,3.77,4.31,1.65,2.01
1434,287,William Hill,2.31,3.21,2.73,1.66,2.16
1435,287,Ladbrokes,4.07,3.61,1.68,1.66,2.19
1436,288,Bet365,4.92,3.32,1.81,2.15,2.11
1437,288,Betfair,2.78,3.4,3.12,1.84,1.9
1438,288,Pinnacle,1.58,3.45,5.53,2.13,2.16
1439,288,William Hill,2.48,3.5,2.55,2.19,2.19
1440,288,Ladbrokes,1.61,3.02,4.02,1.8,1.73
1441,289,Bet365,1.93,3.4,3.66,1.85,1.67
1442,289,Betfair,1.99,3.59,3.68,1.88,1.84
1443,289,Pinnacle,5.79,3.72,1.65,1.73,1.7
1444,289,William Hill,3.93,3.72,1.87,1.79,1.64
1445,289,Ladbrokes,2.54,3.11,2.55,1.78,2.14
1446,290,Bet365,4.91,3.23,2.0,1.64,2.19
1447,290,Betfair,2.86,3.27,2.27,2.04,1.64
1448,290,Pinnacle,5.73,3.6,2.07,1.78,2.1
1449,290,William Hill,3.07,3.12,3.19,2.04,1.95
1450,290,Ladbrokes,5.17,3.36,1.56,1.86,1.82
1451,291,Bet365,1.65,3.01,5.6,2.13,1.71
1452,291,Betfair,1.98,3.57,4.35,1.93,2.05
1453,291,Pinnacle,2.55,3.33,3.05,1.69,1.95
1454,291,William Hill,2.13,3.19,4.16,2.14,2.08
1455,291,Ladbrokes,1.58,3.48,5.74,1.84,1.95
1456,292,Bet365,5.7,3.68,1.54,2.1,2.06
1457,292,Betfair,3.07,3.32,3.11,1.7,1.94
1458,292,Pinnacle,5.22,3.25,1.69,1.78,2.08
1459,292,William Hill,2.13,3.5,4.06,1.85,2.05
1460,292,Ladbrokes,2.24,3.0,2.66,1.72,1.84
1461,293,Bet365,2.68,3.3,2.73,1.75,1.61
1462,293,Betfair,1.74,3.59,4.17,1.8,1.97
1463,293,Pinnacle,5.6,3.52,1.56,1.79,1.99
1464,293,William Hill,1.68,3.56,5.42,2.1,1.95
1465,293,Ladbrokes,4.56,3.21,1.77,2.15,2.01
1466,294,Bet365,3.57,3.61,1.61,1.67,1.96
1467,294,Betfair,2.56,3.41,2.7,2.2,1.76
1468,294,Pinnacle,5.97,3.52,1.79,1.79,1.61
1469,294,William Hill,4.09,3.72,2.05,1.97,2.15
1470,294,Ladbrokes,2.32,3.05,2.97,1.98,2.14
1471,295,Bet365,3.15,3.27,2.38,2.06,2.07
1472,295,Betfair,5.15,3.12,2.01,1.86,1.84
1473,295,Pinnacle,2.09,3.12,5.11,1.98,2.18
1474,295,William Hill,4.95,3.13,2.1,1.85,1.74
1475,295,Ladbrokes,4.5,3.51,1.57,1.8,1.8
1476,296,Bet365,1.74,3.74,5.69,1.78,1.78
1477,296,Betfair,2.5,3.32,2.7,1.63,2.16
1478,296,Pinnacle,4.27,3.17,1.62,2.05,1.97
1479,296,William Hill,2.8,3.09,2.37,2.11,2.19
1480,296,Ladbrokes,3.12,3.24,2.83,2.16,1.7
1481,297,Bet365,2.65,3.1,3.02,1.78,1.98
1482,297,Betfair,5.25,3.37,1.75,1.65,1.67
1483,297,Pinnacle,4.92,3.37,1.76,1.71,1.67
1484,297,William Hill,5.58,3.36,1.88,1.81,1.97
1485,297,Ladbrokes,4.2,3.3,2.01,2.12,1.7
1486,298,Bet365,2.51,3.05,2.23,2.09,1.98
1487,298,Betfair,3.51,3.53,1.53,1.78,1.66
1488,298,Pinnacle,4.46,3.09,2.11,2.06,2.09
1489,298,William Hill,5.31,3.42,1.59,2.1,1.65
1490,298,Ladbrokes,2.31,3.35,2.62,1.71,2.11
1491,299,Bet365,5.07,3.34,1.71,1.69,1.79
1492,299,Betfair,4.11,3.26,2.06,1.65,2.02
1493,299,Pinnacle,4.06,3.3,1.97,2.13,1.87
1494,299,William Hill,2.2,3.08,2.38,2.0,1.74
1495,299,Ladbrokes,1.88,3.27,4.59,1.7,1.79
1496,300,Bet365,1.93,3.65,5.67,1.73,1.97
1497,300,Betfair,1.78,3.17,5.28,2.15,1.83
1498,300,Pinnacle,4.83,3.39,1.68,2.17,2.11
1499,300,William Hill,1.66,3.01,4.51,2.12,1.9
1500,300,Ladbrokes,4.91,3.48,1.89,2.04,1.62
1501,301,Bet365,5.43,3.24,1.9,2.16,1.98
1502,301,Betfair,1.94,3.03,4.34,2.06,1.64
1503,301,Pinnacle,3.16,3.11,2.4,1.89,1.98
1504,301,William Hill,4.29,3.24,2.06,1.95,2.12
1505,301,Ladbrokes,5.87,3.35,2.05,1.69,1.67
1506,302,Bet365,4.18,3.4,1.54,1.65,2.17
1507,302,Betfair,4.15,3.33,1.89,1.94,2.09
1508,302,Pinnacle,1.56,3.73,3.87,2.09,2.13
1509,302,William Hill,3.12,3.17,2.74,2.19,1.84
1510,302,Ladbrokes,4.32,3.54,1.69,2.03,2.19
1511,303,Bet365,2.22,3.45,2.66,1.66,1.72
1512,303,Betfair,2.26,3.38,3.19,2.02,2.07
1513,303,Pinnacle,2.78,3.42,2.24,1.94,2.09
1514,303,William Hill,1.7,3.41,4.42,1.94,1.64
1515,303,Ladbrokes,4.48,3.19,1.74,1.89,1.62
1516,304,Bet365,1.63,3.46,3.8,1.72,1.71
1517,304,Betfair,4.69,3.43,1.96,1.7,2.02
1518,304,Pinnacle,1.96,3.1,4.18,1.69,1.6
1519,304,William Hill,1.56,3.08,4.67,2.0,1.63
1520,304,Ladbrokes,2.59,3.2,2.61,2.14,1.67
1521,305,Bet365,2.12,3.01,4.61,1.98,2.13
1522,305,Betfair,3.06,3.29,2.86,2.02,2.14
1523,305,Pinnacle,1.72,3.69,4.87,1.79,1.74
1524,305,William Hill,5.95,3.7,1.79,1.81,1.73
1525,305,Ladbrokes,5.41,3.41,1.63,1.76,2.16
1526,306,Bet365,1.92,3.38,5.71,1.74,1.63
1527,306,Betfair,3.94,3.63,1.77,1.85,1.95
1528,306,Pinnacle,3.04,3.24,2.25,1.95,1.84
1529,306,William Hill,4.71,3.4,1.89,1.95,1.62
1530,306,Ladbrokes,4.09,3.3,1.75,1.7,1.82
1531,307,Bet365,2.23,3.33,2.83,1.86,2.14
1532,307,Betfair,5.47,3.48,1.69,1.95,1.97
1533,307,Pinnacle,1.87,3.13,3.58,1.93,2.19
1534,307,William Hill,4.42,3.5,1.61,1.99,2.09
1535,307,Ladbrokes,2.23,3.44,3.06,2.08,1.75
1536,308,Bet365,1.98,3.3,5.02,1.86,2.14
1537,308,Betfair,2.44,3.21,2.42,1.71,1.98
1538,308,Pinnacle,2.34,3.05,3.14,2.12,1.65
1539,308,William Hill,1.71,3.53,5.65,2.1,1.83
1540,308,Ladbrokes,1.71,3.13,5.8,2.11,1.76
1541,309,Bet365,2.17,3.24,3.78,2.16,2.03
1542,309,Betfair,2.05,3.58,4.5,1.71,2.01
1543,309,Pinnacle,2.61,3.1,2.77,1.8,1.61
1544,309,William Hill,1.91,3.22,3.54,2.14,1.91
1545,309,Ladbrokes,1.73,3.5,4.44,2.17,1.61
1546,310,Bet365,1.93,3.78,4.85,1.94,1.75
1547,310,Betfair,1.64,3.72,4.62,1.71,1.61
1548,310,Pinnacle,2.61,3.12,2.79,1.83,1.9
1549,310,William Hill,5.13,3.23,1.85,2.0,2.07
1550,310,Ladbrokes,4.79,3.02,1.56,1.64,1.76
1551,311,Bet365,5.54,3.26,1.67,2.18,1.81
1552,311,Betfair,2.89,3.1,2.49,2.04,2.09
1553,311,Pinnacle,3.06,3.07,2.64,1.95,1.78
1554,311,William Hill,1.78,3.4,5.46,1.83,1.81
1555,311,Ladbrokes,5.95,3.27,1.9,2.09,2.17
1556,312,Bet365,3.97,3.05,1.51,2.05,1.98
1557,312,Betfair,5.92,3.3,1.88,2.06,1.78
1558,312,Pinnacle,2.72,3.08,2.56,1.85,2.14
1559,312,William Hill,1.51,3.12,5.31,1.98,1.99
1560,312,Ladbrokes,1.94,3.16,4.71,2.0,1.61
1561,313,Bet365,4.23,3.75,1.76,2.07,2.02
1562,313,Betfair,1.7,3.37,5.46,1.96,1.65
1563,313,Pinnacle,2.48,3.08,2.49,2.18,2.06
1564,313,William Hill,4.13,3.19,1.81,2.12,1.68
1565,313,Ladbrokes,5.88,3.56,2.07,1.97,2.16
1566,314,Bet365,1.6,3.66,3.66,1.64,2.02
1567,314,Betfair,4.49,3.3,2.18,2.02,1.93
1568,314,Pinnacle,2.52,3.46,2.66,2.1,2.02
1569,314,William Hill,5.45,3.14,1.94,2.07,2.19
1570,314,Ladbrokes,2.58,3.05,2.25,1.86,1.71
1571,315,Bet365,2.52,3.34,2.84,1.87,1.87
1572,315,Betfair,2.01,3.39,5.51,1.78,2.02
1573,315,Pinnacle,2.71,3.09,2.51,1.67,1.62
1574,315,William Hill,4.62,3.43,1.9,2.18,1.97
1575,315,Ladbrokes,4.5,3.68,1.99,1.88,1.78
1576,316,Bet365,1.98,3.57,5.47,1.89,1.64
1577,316,Betfair,5.28,3.45,1.85,1.65,2.19
1578,316,Pinnacle,3.54,3.33,1.9,2.04,1.71
1579,316,William Hill,4.16,3.38,1.88,1.65,1.76
1580,316,Ladbrokes,1.77,3.66,5.88,1.62,1.72
1581,317,Bet365,3.06,3.21,2.72,1.6,2.14
1582,317,Betfair,2.19,3.03,4.23,1.62,1.96
1583,317,Pinnacle,2.46,3.49,3.18,1.72,2.1
1584,317,William Hill,1.51,3.15,4.68,1.94,1.83
1585,317,Ladbrokes,3.11,3.48,2.26,2.09,2.0
1586,318,Bet365,3.2,3.04,2.33,2.14,1.94
1587,318,Betfair,1.51,3.77,5.15,1.7,2.0
1588,318,Pinnacle,5.69,3.06,1.89,2.16,1.66
1589,318,William Hill,4.82,3.61,2.0,1.92,2.13
1590,318,Ladbrokes,5.97,3.44,1.63,1.64,1.71
1591,319,Bet365,1.79,3.76,4.7,1.77,1.83
1592,319,Betfair,1.54,3.22,5.89,2.07,1.7
1593,319,Pinnacle,5.84,3.75,1.68,2.01,1.71
1594,319,William Hill,1.68,3.12,3.84,1.89,1.7
1595,319,Ladbrokes,1.95,3.16,4.56,2.09,1.61
1596,320,Bet365,5.06,3.75,1.54,1.8,1.98
1597,320,Betfair,2.69,3.18,3.19,1.74,1.77
1598,320,Pinnacle,5.73,3.75,1.97,1.86,1.74
1599,320,William Hill,1.83,3.62,4.97,1.67,1.9
1600,320,Ladbrokes,1.89,3.34,4.89,1.69,1.77
1601,321,Bet365,3.57,3.06,1.84,2.06,1.78
1602,321,Betfair,1.55,3.31,3.54,1.97,2.12
1603,321,Pinnacle,3.59,3.01,1.99,2.17,1.96
1604,321,William Hill,5.09,3.72,2.13,2.08,2.17
1605,321,Ladbrokes,2.45,3.01,3.12,2.07,1.74
1606,322,Bet365,2.17,3.62,5.18,1.79,2.1
1607,322,Betfair,1.6,3.32,5.04,1.74,1.63
1608,322,Pinnacle,2.58,3.1,2.65,2.0,2.03
1609,322,William Hill,3.87,3.35,2.1,1.69,1.73
1610,322,Ladbrokes,5.02,3.6,1.64,1.62,1.98
1611,323,Bet365,5.29,3.15,1.79,2.08,2.16
1612,323,Betfair,5.66,3.12,1.95,2.12,1.85
1613,323,Pinnacle,2.92,3.34,3.01,1.92,2.17
1614,323,William Hill,5.19,3.32,1.99,2.19,1.65
1615,323,Ladbrokes,2.22,3.17,3.09,1.85,1.61
1616,324,Bet365,1.74,3.26,4.69,1.85,2.14
1617,324,Betfair,2.76,3.42,2.8,2.13,1.74
1618,324,Pinnacle,5.11,3.35,1.93,1.83,1.8
1619,324,William Hill,2.64,3.25,2.38,2.05,1.8
1620,324,Ladbrokes,2.22,3.47,2.42,1.8,2.13
1621,325,Bet365,1.81,3.72,5.79,2.01,1.71
1622,325,Betfair,1.5,3.09,4.38,2.0,1.81
1623,325,Pinnacle,5.18,3.36,1.63,1.63,1.94
1624,325,William Hill,2.13,3.14,5.2,2.0,1.93
1625,325,Ladbrokes,4.2,3.25,1.71,2.03,2.19
1626,326,Bet365,5.36,3.53,1.65,1.73,2.08
1627,326,Betfair,5.71,3.48,2.17,1.87,1.8
1628,326,Pinnacle,1.57,3.7,4.37,2.13,2.16
1629,326,William Hill,2.04,3.68,3.6,1.82,1.63
1630,326,Ladbrokes,2.04,3.73,3.58,1.94,1.64
1631,327,Bet365,1.7,3.38,3.76,1.7,1.63
1632,327,Betfair,5.01,3.73,1.88,1.87,2.18
1633,327,Pinnacle,4.71,3.4,2.13,1.86,1.94
1634,327,William Hill,4.25,3.64,2.13,2.03,1.65
1635,327,Ladbrokes,1.66,3.22,5.24,2.08,1.67
1636,328,Bet365,1.67,3.05,5.97,1.69,2.03
1637,328,Betfair,2.44,3.12,2.36,1.88,2.19
1638,328,Pinnacle,1.96,3.58,4.77,2.06,1.69
1639,328,William Hill,4.62,3.06,2.08,1.64,1.62
1640,328,Ladbrokes,3.91,3.16,2.12,1.81,1.67
1641,329,Bet365,2.87,3.13,2.3,1.97,2.13
1642,329,Betfair,2.38,3.19,2.68,2.18,1.81
1643,329,Pinnacle,5.35,3.33,2.14,1.95,1.72
1644,329,William Hill,5.0,3.58,1.91,1.79,1.69
1645,329,Ladbrokes,2.02,3.04,5.16,1.86,1.61
1646,330,Bet365,1.74,3.62,5.96,1.74,1.8
1647,330,Betfair,4.93,3.45,1.61,1.67,1.62
1648,330,Pinnacle,1.88,3.08,4.7,1.8,2.2
1649,330,William Hill,2.14,3.38,4.01,2.03,2.2
1650,330,Ladbrokes,1.52,3.52,4.72,2.13,1.75
1651,331,Bet365,1.99,3.28,5.48,2.02,2.12
1652,331,Betfair,2.74,3.25,3.05,1.89,1.79
1653,331,Pinnacle,3.79,3.61,2.11,2.02,1.99
1654,331,William Hill,2.08,3.79,4.72,1.88,1.67
1655,331,Ladbrokes,4.63,3.14,2.2,1.83,1.78
1656,332,Bet365,3.03,3.1,2.73,1.62,1.62
1657,332,Betfair,2.2,3.37,2.21,1.79,1.61
1658,332,Pinnacle,3.55,3.08,2.09,2.07,2.05
1659,332,William Hill,1.89,3.3,5.2,1.95,1.67
1660,332,Ladbrokes,3.19,3.17,2.85,1.85,1.73
1661,333,Bet365,2.58,3.13,2.41,1.69,2.12
1662,333,Betfair,3.84,3.2,2.04,1.91,2.18
1663,333,Pinnacle,3.81,3.15,2.14,2.2,1.87
1664,333,William Hill,4.11,3.35,2.1,1.73,2.2
1665,333,Ladbrokes,2.02,3.22,4.04,1.94,2.16
1666,334,Bet365,3.04,3.01,2.5,1.89,2.11
1667,334,Betfair,4.77,3.61,1.75,1.83,1.72
1668,334,Pinnacle,3.04,3.31,3.19,1.81,2.0
1669,334,William Hill,4.63,3.28,1.53,1.83,2.2
1670,334,Ladbrokes,2.73,3.5,2.24,1.7,2.1
1671,335,Bet365,4.22,3.76,1.63,2.16,1.81
1672,335,Betfair,2.12,3.56,5.38,1.74,2.18
1673,335,Pinnacle,3.12,3.23,2.48,1.6,2.01
1674,335,William Hill,2.62,3.18,3.0,1.71,2.1
1675,335,Ladbrokes,1.52,3.04,5.19,1.68,2.08
1676,336,Bet365,4.01,3.5,2.05,1.79,1.65
1677,336,Betfair,4.96,3.72,1.55,1.76,1.77
1678,336,Pinnacle,1.9,3.57,4.29,2.15,1.88
1679,336,William Hill,1.54,3.69,5.87,1.98,2.05
1680,336,Ladbrokes,2.92,3.07,2.22,2.16,1.66
1681,337,Bet365,2.05,3.27,3.52,1.75,2.11
1682,337,Betfair,2.46,3.47,3.15,1.67,1.9
1683,337,Pinnacle,4.0,3.39,1.93,1.61,1.95
1684,337,William Hill,2.36,3.13,2.54,2.03,2.15
1685,337,Ladbrokes,2.25,3.49,2.35,1.74,2.19
1686,338,Bet365,2.01,3.61,5.75,2.07,1.85
1687,338,Betfair,4.53,3.29,2.02,1.73,2.04
1688,338,Pinnacle,5.67,3.16,1.88,2.01,2.04
1689,338,William Hill,3.7,3.76,1.74,2.1,2.16
1690,338,Ladbrokes,1.93,3.42,4.7,1.83,1.98
1691,339,Bet365,3.51,3.32,1.73,2.02,2.08
1692,339,Betfair,3.94,3.52,1.77,1.61,2.1
1693,339,Pinnacle,5.27,3.03,2.2,1.65,1.75
1694,339,William Hill,2.08,3.67,4.36,2.2,1.88
1695,339,Ladbrokes,1.78,3.43,5.92,2.16,1.7
1696,340,Bet365,4.4,3.39,2.16,2.11,1.61
1697,340,Betfair,2.73,3.4,2.27,2.13,2.14
1698,340,Pinnacle,2.56,3.4,2.79,1.79,1.94
1699,340,William Hill,2.12,3.1,4.75,1.81,1.61
1700,340,Ladbrokes,5.63,3.07,1.51,1.88,2.19
1701,341,Bet365,2.69,3.21,2.48,1.96,2.04
1702,341,Betfair,5.89,3.48,1.86,2.06,1.65
1703,341,Pinnacle,2.96,3.48,2.69,2.01,1.94
1704,341,William Hill,3.52,3.3,1.69,1.77,1.76
1705,341,Ladbrokes,4.0,3.45,1.73,1.78,1.75
1706,342,Bet365,2.39,3.46,3.19,2.19,1.87
1707,342,Betfair,2.14,3.08,5.82,1.89,1.6
1708,342,Pinnacle,2.99,3.04,2.88,2.05,1.76
1709,342,William Hill,3.05,3.33,2.34,1.79,1.9
1710,342,Ladbrokes,5.56,3.13,1.54,1.82,1.9
1711,343,Bet365,3.97,3.12,1.97,2.17,1.72
1712,343,Betfair,2.78,3.1,3.12,1.6,1.84
1713,343,Pinnacle,3.18,3.14,2.99,2.16,2.2
1714,343,William Hill,3.55,3.34,1.83,1.8,1.91
1715,343,Ladbrokes,1.68,3.67,4.1,1.78,2.13
1716,344,Bet365,1.57,3.57,4.3,2.13,1.94
1717,344,Betfair,2.61,3.39,2.36,1.6,1.71
1718,344,Pinnacle,1.93,3.62,4.16,1.95,1.91
1719,344,William Hill,2.28,3.32,2.68,1.7,1.68
1720,344,Ladbrokes,5.89,3.45,1.62,1.67,2.19
1721,345,Bet365,4.57,3.53,1.69,1.97,1.88
1722,345,Betfair,2.12,3.79,5.03,1.87,2.09
1723,345,Pinnacle,3.13,3.15,3.05,1.68,2.08
1724,345,William Hill,5.19,3.53,1.99,1.84,2.14
1725,345,Ladbrokes,2.4,3.06,2.59,1.91,2.17
1726,346,Bet365,1.88,3.13,5.63,2.11,2.03
1727,346,Betfair,4.1,3.42,1.72,1.61,1.61
1728,346,Pinnacle,5.48,3.36,1.74,1.88,1.9
1729,346,William Hill,2.42,3.49,2.87,2.1,1.91
1730,346,Ladbrokes,2.06,3.53,5.79,1.68,2.17
1731,347,Bet365,2.11,3.26,4.07,1.7,1.9
1732,347,Betfair,2.65,3.27,3.14,1.73,1.93
1733,347,Pinnacle,4.97,3.57,1.65,1.73,1.76
1734,347,William Hill,1.87,3.42,5.62,1.95,2.01
1735,347,Ladbrokes,2.33,3.12,2.48,1.75,1.8
1736,348,Bet365,3.16,3.43,2.8,1.78,2.07
1737,348,Betfair,4.87,3.58,1.89,2.01,2.17
1738,348,Pinnacle,6.0,3.48,1.61,2.09,1.67
1739,348,William Hill,2.79,3.5,3.11,2.15,2.05
1740,348,Ladbrokes,1.84,3.52,5.58,2.08,1.74
1741,349,Bet365,5.49,3.68,1.6,1.82,1.72
1742,349,Betfair,1.95,3.68,5.09,1.85,1.92
1743,349,Pinnacle,1.59,3.76,4.39,1.82,1.84
1744,349,William Hill,3.69,3.65,1.52,2.15,1.81
1745,349,Ladbrokes,2.2,3.37,2.63,1.79,2.0
1746,350,Bet365,3.57,3.17,1.73,1.63,1.9
1747,350,Betfair,4.47,3.39,1.77,1.65,1.99
1748,350,Pinnacle,3.61,3.71,1.52,1.9,1.78
1749,350,William Hill,3.66,3.69,2.07,1.79,1.88
1750,350,Ladbrokes,4.82,3.49,2.01,1.68,1.98
1751,351,Bet365,2.26,3.07,2.84,2.06,2.16
1752,351,Betfair,1.93,3.48,5.22,2.04,2.07
1753,351,Pinnacle,2.33,3.29,3.11,1.72,2.07
1754,351,William Hill,5.01,3.15,1.8,1.73,2.13
1755,351,Ladbrokes,2.04,3.69,4.82,2.15,1.79
1756,352,Bet365,1.55,3.54,5.09,2.09,2.17
1757,352,Betfair,2.24,3.37,2.48,1.79,1.69
1758,352,Pinnacle,1.63,3.11,4.05,1.88,1.69
1759,352,William Hill,1.87,3.76,5.2,2.17,1.87
1760,352,Ladbrokes,3.1,3.34,3.1,2.03,1.74
1761,353,Bet365,5.33,3.35,1.67,1.6,1.72
1762,353,Betfair,3.04,3.29,2.58,1.85,1.62
1763,353,Pinnacle,1.94,3.03,3.76,2.09,1.82
1764,353,William Hill,2.12,3.57,4.38,1.9,1.63
1765,353,Ladbrokes,3.64,3.34,1.74,1.6,2.03
1766,354,Bet365,2.13,3.41,4.13,2.14,2.19
1767,354,Betfair,1.51,3.43,5.46,2.0,1.8
1768,354,Pinnacle,2.74,3.41,2.81,2.0,1.79
1769,354,William Hill,3.94,3.52,1.99,2.15,2.05
1770,354,Ladbrokes,4.57,3.07,1.58,2.19,2.12
1771,355,Bet365,4.11,3.61,1.68,2.06,2.12
1772,355,Betfair,1.87,3.32,4.32,1.85,1.68
1773,355,Pinnacle,5.99,3.49,1.8,1.68,2.0
1774,355,William Hill,4.62,3.27,1.66,1.81,1.66
1775,355,Ladbrokes,1.67,3.1,3.75,1.72,1.64
1776,356,Bet365,2.75,3.31,3.19,1.96,2.01
1777,356,Betfair,4.28,3.68,1.93,1.72,2.01
1778,356,Pinnacle,4.2,3.71,1.51,1.99,1.85
1779,356,William Hill,3.72,3.19,1.57,1.67,1.68
1780,356,Ladbrokes,4.45,3.49,1.94,2.17,2.08
1781,357,Bet365,5.14,3.67,1.94,1.89,1.63
1782,357,Betfair,5.24,3.17,2.05,2.13,2.01
1783,357,Pinnacle,3.85,3.1,1.66,1.9,1.97
1784,357,William Hill,3.14,3.31,2.6,2.15,1.68
1785,357,Ladbrokes,4.82,3.43,2.04,1.76,1.87
1786,358,Bet365,2.52,3.1,2.92,2.13,2.14
1787,358,Betfair,4.69,3.48,2.14,2.14,1.72
1788,358,Pinnacle,4.53,3.33,1.82,1.74,1.98
1789,358,William Hill,1.89,3.54,4.32,2.13,1.84
1790,358,Ladbrokes,2.68,3.2,2.93,2.05,2.2
1791,359,Bet365,2.46,3.44,3.18,1.76,1.65
1792,359,Betfair,5.32,3.01,2.1,1.68,2.13
1793,359,Pinnacle,2.07,3.25,5.26,2.01,1.71
1794,359,William Hill,4.87,3.07,1.58,2.14,2.02
1795,359,Ladbrokes,4.24,3.13,1.94,2.15,1.67
1796,360,Bet365,4.22,3.75,2.12,1.76,1.8
1797,360,Betfair,1.86,3.7,5.13,1.66,2.17
1798,360,Pinnacle,2.93,3.49,2.84,1.93,1.63
1799,360,William Hill,2.1,3.3,5.45,2.13,2.05
1800,360,Ladbrokes,2.37,3.49,2.87,2.19,2.09
1801,361,Bet365,5.11,3.72,1.78,1.88,1.96
1802,361,Betfair,4.92,3.33,1.72,1.98,1.81
1803,361,Pinnacle,4.7,3.2,1.6,1.86,2.07
1804,361,William Hill,5.81,3.52,1.94,2.07,1.67
1805,361,Ladbrokes,5.21,3.66,1.52,2.13,2.01
1806,362,Bet365,2.12,3.35,4.34,2.0,1.75
1807,362,Betfair,4.63,3.24,1.75,2.09,1.91
1808,362,Pinnacle,1.94,3.55,4.25,1.7,2.06
1809,362,William Hill,1.54,3.31,5.25,1.93,2.19
1810,362,Ladbrokes,5.75,3.5,1.95,2.04,1.75
1811,363,Bet365,2.15,3.23,5.73,2.15,1.99
1812,363,Betfair,2.6,3.18,3.04,2.14,1.9
1813,363,Pinnacle,2.7,3.2,2.21,2.09,1.66
1814,363,William Hill,1.55,3.29,4.34,1.9,1.67
1815,363,Ladbrokes,5.17,3.48,2.17,1.62,2.09
1816,364,Bet365,1.6,3.04,3.84,2.07,1.96
1817,364,Betfair,2.33,3.49,2.9,1.92,1.9
1818,364,Pinnacle,1.81,3.4,5.72,2.14,2.02
1819,364,William Hill,4.2,3.08,1.79,1.83,1.6
1820,364,Ladbrokes,4.45,3.62,1.82,1.69,1.76
1821,365,Bet365,1.93,3.76,3.68,1.7,1.64
1822,365,Betfair,1.67,3.21,5.28,2.13,1.74
1823,365,Pinnacle,3.12,3.37,3.16,1.69,1.75
1824,365,William Hill,2.46,3.4,2.4,1.79,2.14
1825,365,Ladbrokes,2.04,3.5,5.38,1.86,1.99
1826,366,Bet365,5.99,3.22,1.69,1.63,1.93
1827,366,Betfair,4.61,3.45,2.12,1.69,1.74
1828,366,Pinnacle,2.14,3.08,4.49,2.0,1.82
1829,366,William Hill,1.77,3.72,5.61,2.11,2.05
1830,366,Ladbrokes,2.76,3.17,3.15,1.96,1.86
1831,367,Bet365,4.2,3.75,1.52,1.8,1.94
1832,367,Betfair,5.11,3.49,1.89,1.67,1.93
1833,367,Pinnacle,2.38,3.15,2.8,1.67,1.93
1834,367,William Hill,4.53,3.65,2.05,1.74,2.01
1835,367,Ladbrokes,1.6,3.68,4.32,1.91,1.71
1836,368,Bet365,2.99,3.43,2.97,2.09,1.85
1837,368,Betfair,2.11,3.6,5.97,1.93,2.05
1838,368,Pinnacle,5.04,3.06,2.04,1.9,2.14
1839,368,William Hill,1.72,3.16,4.18,2.19,1.97
1840,368,Ladbrokes,1.75,3.48,4.44,1.73,1.75
1841,369,Bet365,3.17,3.37,2.94,1.62,1.73
1842,369,Betfair,3.0,3.23,2.6,2.15,1.78
1843,369,Pinnacle,2.34,3.07,2.26,2.04,2.16
1844,369,William Hill,5.18,3.33,2.05,2.06,1.67
1845,369,Ladbrokes,1.78,3.74,4.59,1.94,1.77
1846,370,Bet365,5.26,3.05,1.88,1.76,1.87
1847,370,Betfair,2.12,3.24,3.64,2.09,1.62
1848,370,Pinnacle,3.69,3.12,2.11,1.78,2.2
1849,370,William Hill,2.0,3.53,3.71,1.73,2.16
1850,370,Ladbrokes,4.96,3.1,2.01,2.03,1.85
1851,371,Bet365,2.81,3.01,2.28,1.67,2.02
1852,371,Betfair,2.03,3.05,3.84,1.96,2.12
1853,371,Pinnacle,4.84,3.72,2.13,2.14,1.84
1854,371,William Hill,2.74,3.23,2.37,2.09,1.91
1855,371,Ladbrokes,5.34,3.15,2.07,1.87,1.86
1856,372,Bet365,3.85,3.43,1.79,1.64,1.94
1857,372,Betfair,2.45,3.14,3.14,1.78,1.74
1858,372,Pinnacle,2.99,3.37,3.16,1.98,1.63
1859,372,William Hill,1.59,3.3,5.56,2.04,1.65
1860,372,Ladbrokes,3.95,3.36,1.89,2.06,2.14
1861,373,Bet365,5.7,3.62,1.72,1.93,1.94
1862,373,Betfair,4.43,3.79,1.6,1.64,1.65
1863,373,Pinnacle,3.91,3.43,2.15,1.77,2.01
1864,373,William Hill,2.14,3.29,4.12,1.87,1.79
1865,373,Ladbrokes,1.85,3.33,4.5,2.06,1.79
1866,374,Bet365,4.41,3.02,1.74,1.66,2.07
1867,374,Betfair,1.6,3.46,3.73,2.13,1.72
1868,374,Pinnacle,2.12,3.41,5.57,1.89,2.05
1869,374,William Hill,1.87,3.58,5.45,1.82,2.13
1870,374,Ladbrokes,4.61,3.05,1.91,1.72,1.85
1871,375,Bet365,2.54,3.47,2.86,2.2,1.77
1872,375,Betfair,2.17,3.59,5.95,2.12,1.95
1873,375,Pinnacle,1.91,3.31,3.81,2.03,2.16
1874,375,William Hill,4.43,3.75,1.79,1.96,2.01
1875,375,Ladbrokes,2.49,3.38,2.41,1.85,1.7
1876,376,Bet365,2.71,3.07,2.62,1.77,1.93
1877,376,Betfair,4.91,3.72,1.85,1.99,1.83
1878,376,Pinnacle,2.19,3.8,4.47,1.97,1.72
1879,376,William Hill,3.81,3.49,1.58,1.87,1.67
1880,376,Ladbrokes,2.11,3.35,4.57,1.71,1.73
1881,377,Bet365,4.19,3.72,1.57,1.9,1.67
1882,377,Betfair,5.93,3.37,1.62,1.86,1.76
1883,377,Pinnacle,5.13,3.55,1.68,1.97,1.63
1884,377,William Hill,3.84,3.06,1.71,2.19,1.95
1885,377,Ladbrokes,4.84,3.79,1.89,1.85,2.02
1886,378,Bet365,1.54,3.49,5.54,1.99,2.08
1887,378,Betfair,5.28,3.77,2.05,2.13,1.65
1888,378,Pinnacle,2.19,3.31,5.17,1.96,2.18
1889,378,William Hill,5.46,3.27,1.87,2.02,1.81
1890,378,Ladbrokes,3.68,3.58,1.94,2.16,2.01
1891,379,Bet365,4.61,3.58,1.66,1.89,1.76
1892,379,Betfair,3.0,3.13,2.6,2.07,1.66
1893,379,Pinnacle,5.47,3.72,1.59,1.93,2.17
1894,379,William Hill,1.59,3.59,4.73,2.15,2.02
1895,379,Ladbrokes,1.77,3.65,5.78,2.0,2.04
1896,380,Bet365,2.51,3.48,3.19,1.61,1.89
1897,380,Betfair,4.89,3.31,2.08,1.88,1.93
1898,380,Pinnacle,2.38,3.07,2.36,2.03,1.72
1899,380,William Hill,1.62,3.73,4.24,2.19,1.69
1900,380,Ladbrokes,2.25,3.24,2.31,1.77,1.67
